--
-- Script was generated by Devart dbForge Studio 2020 for MySQL, Version 9.0.338.0
-- Product home page: http://www.devart.com/dbforge/mysql/studio
-- Script date 9/11/2022 2:25:07 PM
-- Server version: 8.0.30
-- Client version: 4.1
--

-- 
-- Disable foreign keys
-- 
/*!40014 SET @OLD_FOREIGN_KEY_CHECKS=@@FOREIGN_KEY_CHECKS, FOREIGN_KEY_CHECKS=0 */;

-- 
-- Set SQL mode
-- 
/*!40101 SET @OLD_SQL_MODE=@@SQL_MODE, SQL_MODE='NO_AUTO_VALUE_ON_ZERO' */;

-- 
-- Set character set the client will use to send SQL statements to the server
--
SET NAMES 'utf8';

--
-- Set default database
--
USE misa_web07_hcsn_tuanta;

--
-- Drop procedure `Proc_Fixed_Asset_GetPaging`
--
DROP PROCEDURE IF EXISTS Proc_Fixed_Asset_GetPaging;

--
-- Drop procedure `Proc_Fixed_Asset_GetMaxCode`
--
DROP PROCEDURE IF EXISTS Proc_Fixed_Asset_GetMaxCode;

--
-- Drop procedure `Proc_Fixed_Asset_InsertOne`
--
DROP PROCEDURE IF EXISTS Proc_Fixed_Asset_InsertOne;

--
-- Drop procedure `Proc_Fixed_Asset_Update`
--
DROP PROCEDURE IF EXISTS Proc_Fixed_Asset_Update;

--
-- Drop table `fixed_asset`
--
DROP TABLE IF EXISTS fixed_asset;

--
-- Drop table `department`
--
DROP TABLE IF EXISTS department;

--
-- Drop table `fixed_asset_category`
--
DROP TABLE IF EXISTS fixed_asset_category;

--
-- Set default database
--
USE misa_web07_hcsn_tuanta;

--
-- Create table `fixed_asset_category`
--
CREATE TABLE fixed_asset_category (
  FixedAssetCategoryID char(36) NOT NULL DEFAULT '' COMMENT 'ID thể loại tài sản',
  FixedAssetCategoryCode varchar(100) NOT NULL DEFAULT '' COMMENT 'Mã thể loại tài sản',
  FixedAssetCategoryName varchar(255) NOT NULL DEFAULT '' COMMENT 'Tên thể loại tài sản',
  Note varchar(255) DEFAULT NULL COMMENT 'Ghi chú',
  CreatedBy varchar(50) DEFAULT NULL COMMENT 'Người tạo',
  CreatedDate timestamp NULL DEFAULT NULL COMMENT 'Ngày mua',
  ModifiedBy varchar(50) DEFAULT NULL COMMENT 'Người sửa',
  ModifiedDate timestamp NULL DEFAULT NULL COMMENT 'Ngày sửa',
  PRIMARY KEY (FixedAssetCategoryID)
)
ENGINE = INNODB,
AVG_ROW_LENGTH = 2730,
CHARACTER SET utf8mb4,
COLLATE utf8mb4_general_ci,
COMMENT = 'Bảng thể loại tài sản';

--
-- Create table `department`
--
CREATE TABLE department (
  DepartmentID char(36) NOT NULL DEFAULT '' COMMENT 'ID phòng ban',
  DepartmentCode varchar(100) NOT NULL DEFAULT '' COMMENT 'Mã phòng ban',
  DepartmentName varchar(255) NOT NULL DEFAULT '' COMMENT 'Tên phòng ban',
  Note varchar(255) DEFAULT NULL COMMENT 'Ghi chú',
  CreatedBy varchar(50) DEFAULT NULL COMMENT 'Người mua',
  CreatedDate timestamp NULL DEFAULT NULL COMMENT 'Ngày mua',
  ModifiedBy varchar(50) DEFAULT NULL COMMENT 'Người sửa',
  ModifiedDate timestamp NULL DEFAULT NULL COMMENT 'Ngày sửa',
  PRIMARY KEY (DepartmentID)
)
ENGINE = INNODB,
AVG_ROW_LENGTH = 8192,
CHARACTER SET utf8mb4,
COLLATE utf8mb4_general_ci,
COMMENT = 'Bảng phòng ban';

--
-- Create table `fixed_asset`
--
CREATE TABLE fixed_asset (
  FixedAssetID char(36) NOT NULL DEFAULT '' COMMENT 'ID tài sản',
  FixedAssetCode varchar(100) DEFAULT NULL COMMENT 'Mã tài sản',
  FixedAssetName varchar(255) DEFAULT NULL COMMENT 'Tên tài sản',
  DepartmentID char(36) DEFAULT NULL COMMENT 'ID phòng ban',
  FixedAssetCategoryID char(36) DEFAULT NULL COMMENT 'Mã loại tài sản',
  PurchaseDate datetime DEFAULT CURRENT_TIMESTAMP COMMENT 'Ngày mua',
  Cost decimal(19, 4) DEFAULT NULL COMMENT 'Nguyên giá',
  Quantity int DEFAULT 0 COMMENT 'Số lượng',
  DepreciationRate float DEFAULT NULL COMMENT 'Tỷ lệ hao mòn (%)',
  TrackedYear int DEFAULT NULL COMMENT 'Năm bắt đầu theo dõi tài sản',
  LifeTime int DEFAULT 0 COMMENT 'Số năm sử dụng',
  CreatedBy varchar(50) DEFAULT NULL COMMENT 'Người tạo',
  CreatedDate datetime DEFAULT CURRENT_TIMESTAMP COMMENT 'Ngày tạo',
  ModifiedBy varchar(50) DEFAULT NULL COMMENT 'Người sửa',
  ModifiedDate datetime DEFAULT CURRENT_TIMESTAMP COMMENT 'Ngày sửa',
  ProductionDate datetime DEFAULT CURRENT_TIMESTAMP COMMENT 'Ngày sử dụng',
  DepreciationYear decimal(18, 4) DEFAULT 1000.0000 COMMENT 'Giá trị hao mòn năm',
  PRIMARY KEY (FixedAssetID)
)
ENGINE = INNODB,
AVG_ROW_LENGTH = 420,
CHARACTER SET utf8mb4,
COLLATE utf8mb4_general_ci,
COMMENT = 'Bảng tài sản';

--
-- Create foreign key
--
ALTER TABLE fixed_asset
ADD CONSTRAINT FK_fixed_asset_DepartmentID FOREIGN KEY (DepartmentID)
REFERENCES department (DepartmentID);

--
-- Create foreign key
--
ALTER TABLE fixed_asset
ADD CONSTRAINT FK_fixed_asset_FixedAssetCategoryID FOREIGN KEY (FixedAssetCategoryID)
REFERENCES fixed_asset_category (FixedAssetCategoryID);

DELIMITER $$

--
-- Create procedure `Proc_Fixed_Asset_Update`
--
CREATE DEFINER = 'root'@'localhost'
PROCEDURE Proc_Fixed_Asset_Update (IN FixedAssetCode varchar(100), IN FixedAssetName varchar(255), IN DepartmentID char(36), IN FixedAssetCategoryID char(36), IN PurchaseDate datetime, IN Cost decimal(18, 4), IN Quantity int, IN DepreciationRate float, IN TrackedYear int, IN LifeTime int, IN CreatedBy varchar(50), IN CreatedDate datetime, IN ModifiedBy varchar(50), IN ModifiedDate datetime, IN ProductionDate datetime, IN DepreciationYear int)
COMMENT 'Thủ tục sửa dữ liệu 1 bản ghi'
BEGIN
  UPDATE fixed_asset
  SET FixedAssetName = FixedAssetName,
      DepartmentID = DepartmentID,
      FixedAssetCategoryID = FixedAssetCategoryID,
      PurchaseDate = PurchaseDate,
      Cost = Cost,
      Quantity = Quantity,
      DepreciationRate = DepreciationRate,
      TrackedYear = TrackedYear,
      LifeTime = LifeTime,
      CreatedBy = CreatedBy,
      CreatedDate = CreatedDate,
      ModifiedBy = ModifiedBy,
      ModifiedDate = NOW(),
      ProductionDate = ProductionDate
  WHERE FixedAssetID = FixedAssetID
  ;
END
$$

--
-- Create procedure `Proc_Fixed_Asset_InsertOne`
--
CREATE PROCEDURE Proc_Fixed_Asset_InsertOne (IN FixedAssetID char(36), IN FixedAssetCode varchar(100), IN FixedAssetName varchar(255), IN DepartmentID char(36), IN FixedAssetCategoryID char(36), IN PurchaseDate datetime, IN Cost decimal(18, 4), IN Quantity int, IN DepreciationRate float, IN TrackedYear int, IN LifeTime int, IN CreatedBy varchar(50), IN CreatedDate datetime, IN ModifiedBy varchar(50), IN ModifiedDate datetime, IN ProductionDate datetime, IN DepreciationYear int)
SQL SECURITY INVOKER
COMMENT '
  -- Author:        TUANTA
  -- Created date:  24/08/2022
  -- Description:   Thêm mới 1 tài sản
  -- Modified by:
  -- Code chạy thử: CALL `misa_web07_hcsn_tuanta`.Proc_fixed_asset_InsertOne("1170a168-2949-6f39-dfd2-89b22d105242", "TS2000", "Rubik", "469b3ece-744a-45d5-957d-e8c757976496", "354f1b13-17bf-1b52-87d5-ba100c6f7bce", NOW(), 0, 0, 0, 0, 0, "Diệp Thu", NOW(), "Diệp Thu", NOW(), NOW(), 0)
  '
BEGIN
  INSERT INTO fixed_asset (FixedAssetID,
  FixedAssetCode
  , FixedAssetName
  , DepartmentID
  , FixedAssetCategoryID
  , PurchaseDate
  , Cost
  , Quantity
  , DepreciationRate
  , TrackedYear
  , LifeTime
  , CreatedBy
  , CreatedDate
  , ModifiedBy
  , ModifiedDate
  , ProductionDate
  , DepreciationYear)
    VALUES (FixedAssetID, FixedAssetCode, FixedAssetName, DepartmentID, FixedAssetCategoryID, PurchaseDate, Cost, Quantity, DepreciationRate, TrackedYear, LifeTime, CreatedBy, NOW(), ModifiedBy, NOW(), ProductionDate, DepreciationYear);
END
$$

--
-- Create procedure `Proc_Fixed_Asset_GetMaxCode`
--
CREATE PROCEDURE Proc_Fixed_Asset_GetMaxCode ()
SQL SECURITY INVOKER
COMMENT '
  -- Author:        TUANTA
  -- Created date:  10/08/2022
  -- Description:   Lấy mã tài sản lớn nhất
  -- Modified by:   
  -- Code chạy thử: CALL `misa_web07_hcsn_tuanta`.Proc_Fixed_Asset_GetMaxCode();
  '
BEGIN
  SELECT
    MAX(DISTINCT (FixedAssetCode))
  FROM fixed_asset fa;
END
$$

--
-- Create procedure `Proc_Fixed_Asset_GetPaging`
--
CREATE DEFINER = 'root'@'localhost'
PROCEDURE Proc_Fixed_Asset_GetPaging (IN v_Offset int, IN v_Limit int, IN v_Sort varchar(100), IN v_Where varchar(1000))
COMMENT 'Thủ tục lấy danh sách tài sản theo phân trang'
BEGIN

  -- =============================================
  -- Author:        TUANTA
  -- Created date:  08/08/2022
  -- Description:   Lấy danh sách tài sản và tổng số tài sản có phân trang
  -- Modified by:   
  -- Code chạy thử: CALL `misa_web07_hcsn_tuanta`.Proc_Fixed_Asset_GetPaging(0, 10, NULL, NULL);
  -- =============================================

  IF IFNULL(v_Where, '') = '' THEN
    SET v_Where = '1=1';
  END IF;

  IF IFNULL(v_Sort, '') = '' THEN
    SET v_Sort = 'ModifiedDate DESC';
  END IF;

  IF v_Limit = -1 THEN
    SET @filterQuery = CONCAT('SELECT * FROM fixed_asset WHERE ', v_Where, ' ORDER BY ', v_Sort);
  ELSE
    SET @filterQuery = CONCAT('SELECT * FROM fixed_asset WHERE ', v_Where, ' ORDER BY ', v_Sort, ' LIMIT ', v_Offset, ',', v_Limit);
  END IF;

  PREPARE filterQuery FROM @filterQuery;
  EXECUTE filterQuery;
  DEALLOCATE PREPARE filterQuery;

  SET @filterQuery = CONCAT('SELECT count(FixedAssetCode) AS TotalCount FROM fixed_asset WHERE ', v_Where);
  PREPARE filterQuery FROM @filterQuery;
  EXECUTE filterQuery;
  DEALLOCATE PREPARE filterQuery;
END
$$

DELIMITER ;

-- 
-- Dumping data for table fixed_asset_category
--
INSERT INTO fixed_asset_category VALUES
('148ed882-32b8-218e-9c20-39c2f00615e8', 'LTS002', ' Đồng hồ ', 'K18TQ71R127Y96A0CED6HJAJ53', 'Trương Thu Tuấn', '2022-09-11 03:55:30', 'Nguyễn Nhu Cường', '2022-09-11 19:04:23'),
('1b691e79-236d-5b5a-9d20-39c2f00615e8', 'LTS004', ' Tablet', '6087V19', 'Lê Mộc Trường', '2022-09-11 09:21:20', 'Diệp Mộc Hương', '2022-09-11 22:13:11'),
('25c6c36e-1668-7d10-6e09-bf1378b8dc91', 'LTS003', ' Laptop ', 'R4K560IO17I9QA77PD56R3IKV7PC6AW', 'Đặng Tiếu Thuận', '2022-09-11 02:25:33', 'Trịnh Chi Thanh', '2022-09-11 17:10:48'),
('354f1b13-17bf-1b52-87d5-ba100c6f7bce', 'LTS006', ' Xe máy ', 'TZ72061823453S5MU64S1LO2MO7P28012866TRI74EG96772J', 'Trịnh Song Tuấn', '2022-09-11 12:15:39', 'Vũ Hàn Thuận', '2022-09-11 00:01:08'),
('3700cc49-55b5-69ea-4929-a2925c0f334d', 'LTS005', 'Ô tô ', '4J', 'Dương Song Minh', '2022-09-11 23:39:13', 'Hoàng Thu Mạnh', '2022-09-11 01:08:43'),
('3b86d2ed-446c-5fce-56be-406293204378', 'LTS001', ' Điện thoại ', '8NVK840093RGXX93QS970Z203', 'Trương Chi Trường', '2022-09-11 14:50:56', 'Nguyễn Văn Trường', '2022-09-11 10:12:01');

-- 
-- Dumping data for table department
--
INSERT INTO department VALUES
('142cb08f-7c31-21fa-8e90-67245e8b283e', 'D001', 'Phòng đào tạo', '00A848KWUQ74', 'Phan Tiếu Anh', '2022-09-11 00:07:13', 'Phạm Mộc Mạnh', '2022-09-11 00:00:04'),
('17120d02-6ab5-3e43-18cb-66948daf6128', 'D002', 'Phòng kế toán', '7T', 'Trịnh Song Cường', '2022-09-11 09:13:41', 'Phan Võ Hoàng', '2022-09-11 12:23:23'),
('469b3ece-744a-45d5-957d-e8c757976496', 'D003', 'Phòng nhân sự', 'T3NO40JEX3LQ8SI15W4575', 'ĐÕ Mộc Minh', '2022-09-11 03:55:09', 'Lý Thu Hiếu', '2022-09-11 12:06:43'),
('4e272fc4-7875-78d6-7d32-6a1673ffca7c', 'D004', 'Phòng hành chính', 'I52', 'Trương Võ Trường', '2022-09-11 20:57:11', 'Phạm Yên Thành', '2022-09-11 00:00:08');

-- 
-- Dumping data for table fixed_asset
--
INSERT INTO fixed_asset VALUES
('11a8748f-3464-740c-28c2-579daad24557', 'TS254', 'Yamaha McLaren P1', '17120d02-6ab5-3e43-18cb-66948daf6128', '354f1b13-17bf-1b52-87d5-ba100c6f7bce', '2022-09-11 01:00:32', 26000000.0000, 34, 1, 2022, 1, 'Lê Toàn Hương', '2022-09-03 02:05:18', 'Trịnh Song Hương', '2022-09-03 00:00:03', '2022-09-06 21:27:14', 9100000.0000),
('1208b54a-66ee-355a-46c2-579daad24557', 'TS033', 'Mercedes-benz Ferrari FXX K', '17120d02-6ab5-3e43-18cb-66948daf6128', '354f1b13-17bf-1b52-87d5-ba100c6f7bce', '2022-09-11 00:00:35', 82000000.0000, 33, 1, 2022, 1, 'ĐÕ Nại Minh', '2022-09-04 10:01:42', 'Trương Song Thành', '2022-09-03 00:00:10', '2022-09-08 19:15:48', 9100000.0000),
('1219e510-59ef-36fc-45c2-579daad24557', 'TS029', 'Triumph Divo', '142cb08f-7c31-21fa-8e90-67245e8b283e', '1b691e79-236d-5b5a-9d20-39c2f00615e8', '2022-09-11 02:13:47', 82000000.0000, 7, 1, 2022, 1, 'Phạm Tranh Mạnh', '2022-09-08 21:37:17', 'Trân Hàn Minh', '2022-09-05 01:27:59', '2022-09-05 07:25:33', 9000000.0000),
('12693b29-274c-35ce-d11d-086412a8ea97', 'TS145', 'MV Agusta McLaren P1 LM', '469b3ece-744a-45d5-957d-e8c757976496', '148ed882-32b8-218e-9c20-39c2f00615e8', '2022-09-11 21:48:08', 62000000.0000, 5, 1, 2022, 1, 'Nguyễn Nại Cường', '2022-09-05 14:05:49', 'Võ Hàn Hương', '2022-09-03 00:01:38', '2022-09-08 12:18:05', 5400000.0000),
('12e12a5c-6e3a-503a-d71d-086412a8ea97', 'TS278', 'BMW CCXR Trevita', '142cb08f-7c31-21fa-8e90-67245e8b283e', '148ed882-32b8-218e-9c20-39c2f00615e8', '2022-09-11 23:16:51', 65000000.0000, 15, 1, 2022, 1, 'Phạm Hàn Cường', '2022-09-04 19:47:18', 'Hồ Văn Thành', '2022-09-03 23:14:14', '2022-09-03 00:00:07', 2700000.0000),
('12e1b096-3542-127a-1077-d9ebc53aac3d', 'TS240', 'Iphone Sian', '469b3ece-744a-45d5-957d-e8c757976496', '354f1b13-17bf-1b52-87d5-ba100c6f7bce', '2022-09-11 22:55:34', 53000000.0000, 30, 1, 2022, 1, 'Trương Tiếu Tuấn', '2022-09-04 15:32:03', 'Trương Tiếu Minh', '2022-09-03 00:00:05', '2022-09-07 03:08:59', 4900000.0000),
('13241f9b-34c5-6720-9641-c1ec321fe728', 'TS010', 'BMW McLaren P1 LM', '469b3ece-744a-45d5-957d-e8c757976496', '25c6c36e-1668-7d10-6e09-bf1378b8dc91', '2022-09-11 08:52:21', 79000000.0000, 39, 1, 2022, 1, 'Võ Song Trường', '2022-09-04 04:41:31', 'Hồ Nại Trường', '2022-09-06 12:25:29', '2022-09-07 15:43:47', 4400000.0000),
('134608bd-48c2-5fd7-1435-60b3ebf808a9', 'TS115', 'Mercedes-benz LaFerrari Aperta', '4e272fc4-7875-78d6-7d32-6a1673ffca7c', '3700cc49-55b5-69ea-4929-a2925c0f334d', '2022-09-11 03:31:33', 52000000.0000, 21, 1, 2022, 1, 'Đặng Thu Anh', '2022-09-05 14:26:47', 'Trương Hàn Hoàng', '2022-09-03 00:00:07', '2022-09-03 09:44:55', 4600000.0000),
('13ede5b6-19dd-563e-1980-de64d090a2c2', 'TS084', 'Triumph Ferrari LaFerrari', '142cb08f-7c31-21fa-8e90-67245e8b283e', '3700cc49-55b5-69ea-4929-a2925c0f334d', '2022-09-11 18:43:16', 48000000.0000, 10, 1, 2022, 1, 'Vũ Nhu Thanh', '2022-09-04 13:40:53', 'Diệp Toàn Ngọc', '2022-09-03 00:12:43', '2022-09-07 01:48:45', 8000000.0000),
('143e4110-751a-5474-1f80-de64d090a2c2', 'TS204', 'Lexus F60 Mỹ', '4e272fc4-7875-78d6-7d32-6a1673ffca7c', '148ed882-32b8-218e-9c20-39c2f00615e8', '2022-09-11 01:40:32', 37000000.0000, 31, 1, 2022, 1, 'Phan Toàn Minh', '2022-09-04 18:37:58', 'Phan Nhu Hiếu', '2022-09-05 04:59:23', '2022-09-03 16:39:38', 2200000.0000),
('14aa1334-3d35-32c4-30c2-579daad24557', 'TS220', 'Ferrari La Voiture Noire', '4e272fc4-7875-78d6-7d32-6a1673ffca7c', '354f1b13-17bf-1b52-87d5-ba100c6f7bce', '2022-09-11 16:17:37', 39000000.0000, 30, 1, 2022, 1, 'Võ Tiếu Hoàng', '2022-09-05 08:08:22', 'Hoàng Thu Thái', '2022-09-05 20:21:32', '2022-09-04 00:20:47', 9600000.0000),
('1518ced5-6993-37f8-6180-7ed9d1ea06ea', 'TS139', 'Porsche HP Barchetta', '17120d02-6ab5-3e43-18cb-66948daf6128', '25c6c36e-1668-7d10-6e09-bf1378b8dc91', '2022-09-11 22:51:54', 12000000.0000, 12, 1, 2022, 1, 'Diệp Hà Hương', '2022-09-03 22:58:54', 'Huỳnh Chi Hoàng', '2022-09-03 00:00:08', '2022-09-04 00:29:19', 5200000.0000),
('156bb711-53c6-12ee-5d80-7ed9d1ea06ea', 'TS049', 'Ducati Maybach Exelero', '142cb08f-7c31-21fa-8e90-67245e8b283e', '3700cc49-55b5-69ea-4929-a2925c0f334d', '2022-09-11 13:14:22', 25000000.0000, 42, 1, 2022, 1, 'Trân Tiếu Tuấn', '2022-09-05 00:35:16', 'Huỳnh Yên Minh', '2022-09-03 00:00:14', '2022-09-07 23:52:36', NULL),
('15acfdfd-12d7-52f6-2777-d9ebc53aac3d', 'TS042', 'Suzuki Chiron Pur Sport', '17120d02-6ab5-3e43-18cb-66948daf6128', '3700cc49-55b5-69ea-4929-a2925c0f334d', '2022-09-11 00:01:16', 37000000.0000, 12, 1, 2022, 1, 'Trương Tô Ngọc', '2022-09-03 02:40:46', 'Lý Toàn Thanh', '2022-09-03 00:00:08', '2022-09-03 02:09:40', NULL),
('15f7fc94-6dce-3bce-2680-de64d090a2c2', 'TS141', 'MV Agusta Zenvo TS1 GT', '4e272fc4-7875-78d6-7d32-6a1673ffca7c', '1b691e79-236d-5b5a-9d20-39c2f00615e8', '2022-09-11 00:12:33', 31000000.0000, 41, 1, 2022, 1, 'Phan Chi Mạnh', '2022-09-05 08:24:47', 'Phan Thu Minh', '2022-09-07 02:36:19', '2022-09-04 13:42:24', NULL),
('1737c16a-1277-1be3-3bc2-579daad24557', 'TS135', 'Samsung Centodieci ', '17120d02-6ab5-3e43-18cb-66948daf6128', '3700cc49-55b5-69ea-4929-a2925c0f334d', '2022-09-11 15:43:16', 46000000.0000, 12, 1, 2022, 1, 'Phạm Diệp Thái', '2022-09-05 16:05:30', 'Hồ Mộc Minh', '2022-09-06 19:58:25', '2022-09-06 01:50:04', 4600000.0000),
('17872e95-3d24-6d1a-32c2-579daad24557', 'TS007', 'Suzuki Martin Valkyrie', '142cb08f-7c31-21fa-8e90-67245e8b283e', '3b86d2ed-446c-5fce-56be-406293204378', '2022-09-11 10:36:27', 35000000.0000, 13, 1, 2022, 1, 'Vũ Chi Trường', '2022-09-07 08:54:38', 'Diệp Hà Hương', '2022-09-07 14:53:59', '2022-09-03 00:00:09', 1900000.0000),
('18baaac1-2b18-2317-b9d2-89b22d10517e', 'TS223', 'Suzuki Ferrari LaFerrari', '469b3ece-744a-45d5-957d-e8c757976496', '25c6c36e-1668-7d10-6e09-bf1378b8dc91', '2022-09-11 01:08:03', 17000000.0000, 20, 1, 2022, 1, 'Trương Tiếu Trường', '2022-09-05 13:13:30', 'Diệp Mộc Trường', '2022-09-06 00:31:22', '2022-09-03 00:03:47', 6000000.0000),
('18bbd5d8-6c2d-154c-bad2-89b22d10517e', 'TS051', 'Iphone McLaren P1', '142cb08f-7c31-21fa-8e90-67245e8b283e', '354f1b13-17bf-1b52-87d5-ba100c6f7bce', '2022-09-11 03:52:37', 37000000.0000, 38, 1, 2022, 1, 'Trịnh Song Minh', '2022-09-03 22:49:17', 'Hồ Hà Minh', '2022-09-03 00:20:07', '2022-09-03 00:00:07', 2600000.0000),
('18d2ec1b-61c5-1896-2ec2-579daad24557', 'TS040', 'BMW Pininfarina Sergio', '469b3ece-744a-45d5-957d-e8c757976496', '25c6c36e-1668-7d10-6e09-bf1378b8dc91', '2022-09-11 04:08:52', 94000000.0000, 44, 1, 2022, 1, 'ĐÕ Văn Thuận', '2022-09-04 19:57:33', 'Đặng Hàn Thanh', '2022-09-03 22:19:27', '2022-09-04 22:45:57', 8300000.0000),
('1906737f-3aed-5704-1777-d9ebc53aac3d', 'TS037', 'MV Agusta AMG One', '142cb08f-7c31-21fa-8e90-67245e8b283e', '354f1b13-17bf-1b52-87d5-ba100c6f7bce', '2022-09-11 02:05:01', 31000000.0000, 13, 1, 2022, 1, 'Nguyễn Tiếu Bằng', '2022-09-03 00:35:58', 'Huỳnh Tiếu Tuấn', '2022-09-08 01:08:00', '2022-09-04 08:12:39', 6700000.0000),
('19208572-271c-6122-3177-d9ebc53aac3d', 'TS026', 'Triumph Chiron Pur Sport', '469b3ece-744a-45d5-957d-e8c757976496', '3b86d2ed-446c-5fce-56be-406293204378', '2022-09-11 00:05:55', 69000000.0000, 1, 1, 2022, 1, 'Trương Tô Tuấn', '2022-09-03 00:00:05', 'Nguyễn Tô Anh', '2022-09-08 13:50:02', '2022-09-03 11:23:55', NULL),
('19256041-7623-2834-6df6-423b4e874d0f', 'TS245', 'Mercedes-benz HP Barchetta', '142cb08f-7c31-21fa-8e90-67245e8b283e', '3b86d2ed-446c-5fce-56be-406293204378', '2022-09-11 19:09:18', 84000000.0000, 12, 1, 2022, 1, 'Huỳnh Tranh Mạnh', '2022-09-03 00:06:47', 'Đinh Yên Cường', '2022-09-03 00:06:04', '2022-09-07 04:48:20', NULL),
('192b3b9d-5e60-3b13-5b80-7ed9d1ea06ea', 'TS243', 'Mercedes-benz CCXR Trevita', '142cb08f-7c31-21fa-8e90-67245e8b283e', '1b691e79-236d-5b5a-9d20-39c2f00615e8', '2022-09-11 00:06:12', 19000000.0000, 1, 1, 2022, 1, 'Vũ Tiếu Bằng', '2022-09-04 15:12:13', 'Vũ Song Hiếu', '2022-09-06 07:02:10', '2022-09-04 03:10:52', 5900000.0000),
('197fda97-5a35-781d-0e77-d9ebc53aac3d', 'TS197', 'Lexus Koenigsegg Jesko', '469b3ece-744a-45d5-957d-e8c757976496', '354f1b13-17bf-1b52-87d5-ba100c6f7bce', '2022-09-11 12:36:59', 56000000.0000, 29, 1, 2022, 1, 'Nguyễn Hàn Thanh', '2022-09-06 20:25:44', 'Bùi Tranh Thái', '2022-09-06 07:39:07', '2022-09-07 20:01:38', 4300000.0000),
('199db575-444b-2633-6880-7ed9d1ea06ea', 'TS183', 'Porsche Hypersport', '142cb08f-7c31-21fa-8e90-67245e8b283e', '354f1b13-17bf-1b52-87d5-ba100c6f7bce', '2022-09-11 03:23:40', 27000000.0000, 5, 1, 2022, 1, 'Vũ Mộc Trường', '2022-09-03 00:00:06', 'Lê Văn Hiếu', '2022-09-03 18:24:15', '2022-09-04 07:49:00', 1800000.0000),
('1b05fdba-145b-7ab0-8d41-c1ec321fe728', 'TS209', 'Kawasaki Rolls Royce Sweptail', '4e272fc4-7875-78d6-7d32-6a1673ffca7c', '25c6c36e-1668-7d10-6e09-bf1378b8dc91', '2022-09-11 21:31:33', 44000000.0000, 37, 1, 2022, 1, 'Hoàng Toàn Bằng', '2022-09-04 15:52:19', 'Hoàng Song Hiếu', '2022-09-05 05:29:28', '2022-09-04 11:01:39', 6000000.0000),
('1b972dfb-67eb-5f25-39c2-579daad24557', 'TS122', 'Suzuki LaFerrari Aperta', '469b3ece-744a-45d5-957d-e8c757976496', '3b86d2ed-446c-5fce-56be-406293204378', '2022-09-11 22:34:20', 92000000.0000, 27, 1, 2022, 1, 'Ngô Tranh Tuấn', '2022-09-03 00:11:41', 'Lê Tô Thuận', '2022-09-03 00:01:19', '2022-09-03 04:09:13', 2000000.0000),
('1c98cac7-2784-73af-43c2-579daad24557', 'TS229', 'Yamaha Ferrari FXX K', '142cb08f-7c31-21fa-8e90-67245e8b283e', '1b691e79-236d-5b5a-9d20-39c2f00615e8', '2022-09-11 00:00:29', 26000000.0000, 2, 1, 2022, 1, 'Huỳnh Tiếu Thành', '2022-09-04 04:20:50', 'Nguyễn Nhất Cường', '2022-09-03 21:08:11', '2022-09-03 00:01:02', 9900000.0000),
('1ca4f185-7203-2a84-40c2-579daad24557', 'TS171', 'Lamborghini McLaren P1', '469b3ece-744a-45d5-957d-e8c757976496', '148ed882-32b8-218e-9c20-39c2f00615e8', '2022-09-11 19:23:32', 25000000.0000, 9, 1, 2022, 1, 'Nguyễn Tô Trường', '2022-09-08 14:52:40', 'Bùi Tô Thanh', '2022-09-05 04:09:24', '2022-09-04 14:43:36', 2700000.0000),
('1d05a704-5376-15ba-1477-d9ebc53aac3d', 'TS055', 'Bentley McLaren Speedtail', '142cb08f-7c31-21fa-8e90-67245e8b283e', '1b691e79-236d-5b5a-9d20-39c2f00615e8', '2022-09-11 17:05:18', 51000000.0000, 16, 1, 2022, 1, 'ĐÕ Tiếu Cường', '2022-09-03 00:16:16', 'Lê Toàn Anh', '2022-09-03 00:00:39', '2022-09-03 01:21:14', 9700000.0000),
('1d21993b-3612-2485-1035-60b3ebf808a9', 'TS161', 'BMW La Voiture Noire', '4e272fc4-7875-78d6-7d32-6a1673ffca7c', '1b691e79-236d-5b5a-9d20-39c2f00615e8', '2022-09-11 00:00:58', 76000000.0000, 33, 1, 2022, 1, 'Hoàng Tiếu Minh', '2022-09-08 17:01:22', 'Hoàng Tranh Thành', '2022-09-03 00:00:38', '2022-09-04 17:25:08', 7400000.0000),
('1dc115ba-6479-33a7-44c2-579daad24557', 'TS262', 'Lexus Hypersport', '469b3ece-744a-45d5-957d-e8c757976496', '148ed882-32b8-218e-9c20-39c2f00615e8', '2022-09-11 12:05:26', 50000000.0000, 23, 1, 2022, 1, 'Huỳnh Võ Minh', '2022-09-08 09:39:00', 'Hoàng Hàn Bằng', '2022-09-03 00:00:04', '2022-09-03 00:13:13', 1800000.0000),
('1e0613d9-772c-28c1-9541-c1ec321fe728', 'TS117', 'Mercedes-benz Mansory Vivere', '17120d02-6ab5-3e43-18cb-66948daf6128', '3b86d2ed-446c-5fce-56be-406293204378', '2022-09-11 00:00:07', 77000000.0000, 20, 1, 2022, 1, 'Ngô Tô Thái', '2022-09-07 09:39:42', 'Phạm Tiếu Hoàng', '2022-09-03 00:00:28', '2022-09-04 12:46:10', 8800000.0000),
('1e5ce342-2eec-79a4-5380-7ed9d1ea06ea', 'TS081', 'Bentley Divo', '4e272fc4-7875-78d6-7d32-6a1673ffca7c', '148ed882-32b8-218e-9c20-39c2f00615e8', '2022-09-11 07:18:36', 49000000.0000, 4, 1, 2022, 1, 'Huỳnh Tiếu Trường', '2022-09-04 23:19:46', 'Diệp Văn Thành', '2022-09-07 22:59:39', '2022-09-06 08:17:28', 7400000.0000),
('1e5e96fa-5d7a-599d-27c2-579daad24557', 'TS218', 'Mercedes-benz Martin Vulcan', '17120d02-6ab5-3e43-18cb-66948daf6128', '1b691e79-236d-5b5a-9d20-39c2f00615e8', '2022-09-11 17:37:01', 90000000.0000, 2, 1, 2022, 1, 'Dương Nhu Tuấn', '2022-09-03 00:08:53', 'Hồ Văn Cường', '2022-09-07 16:04:54', '2022-09-07 08:20:33', 2100000.0000),
('1f85f165-3ed3-370a-b7d2-89b22d10517e', 'TS137', 'Laptop Maybach Exelero', '142cb08f-7c31-21fa-8e90-67245e8b283e', '25c6c36e-1668-7d10-6e09-bf1378b8dc91', '2022-09-11 12:38:15', 22000000.0000, 1, 1, 2022, 1, 'Lê Chi Minh', '2022-09-03 00:00:04', 'Vũ Tiếu Thái', '2022-09-03 00:09:08', '2022-09-04 15:56:13', 4000000.0000),
('1f88699a-3e19-718a-d81d-086412a8ea97', 'TS259', 'MV Agusta Sesto Elemento ', '142cb08f-7c31-21fa-8e90-67245e8b283e', '25c6c36e-1668-7d10-6e09-bf1378b8dc91', '2022-09-11 01:54:45', 90000000.0000, 45, 1, 2022, 1, 'Phan Văn Mạnh', '2022-09-03 19:36:27', 'Vũ Nhất Cường', '2022-09-04 21:58:20', '2022-09-03 00:10:03', 1400000.0000),
('1fbf8e6f-17d3-6a04-2180-de64d090a2c2', 'TS280', 'Triumph Centodieci ', '17120d02-6ab5-3e43-18cb-66948daf6128', '354f1b13-17bf-1b52-87d5-ba100c6f7bce', '2022-09-11 22:44:50', 64000000.0000, 1, 1, 2022, 1, 'Võ Võ Bằng', '2022-09-03 00:00:05', 'Nguyễn Thu Hiếu', '2022-09-07 16:43:11', '2022-09-03 23:56:19', 8000000.0000),
('1fecd07f-2488-638c-8141-c1ec321fe728', 'TS214', 'Yamaha Rolls Royce Sweptail', '142cb08f-7c31-21fa-8e90-67245e8b283e', '354f1b13-17bf-1b52-87d5-ba100c6f7bce', '2022-09-11 10:08:12', 21000000.0000, 34, 1, 2022, 1, 'Đinh Yên Hoàng', '2022-09-04 01:51:40', 'Huỳnh Mộc Tuấn', '2022-09-04 17:31:56', '2022-09-03 00:59:28', 5500000.0000),
('201b9639-5997-303c-5880-7ed9d1ea06ea', 'TS074', 'Audi ', '142cb08f-7c31-21fa-8e90-67245e8b283e', '354f1b13-17bf-1b52-87d5-ba100c6f7bce', '2022-09-11 20:19:34', 79000000.0000, 29, 1, 2022, 1, 'ĐÕ Tiếu Cường', '2022-09-04 04:08:12', 'Dương Tô Thành', '2022-09-08 17:17:47', '2022-09-05 17:25:42', NULL),
('2107e2a5-49f8-237b-5780-7ed9d1ea06ea', 'TS120', 'Kawasaki LaFerrari Aperta', '142cb08f-7c31-21fa-8e90-67245e8b283e', '148ed882-32b8-218e-9c20-39c2f00615e8', '2022-09-11 03:24:09', 16000000.0000, 22, 1, 2022, 1, 'Nguyễn Chi Bằng', '2022-09-03 00:00:39', 'Trịnh Tiếu Cường', '2022-09-04 08:23:53', '2022-09-03 08:20:50', 1500000.0000),
('2111e63d-50f8-6b2b-6980-7ed9d1ea06ea', 'TS006', 'Ducati Veneno Roadster', '469b3ece-744a-45d5-957d-e8c757976496', '148ed882-32b8-218e-9c20-39c2f00615e8', '2022-09-11 00:00:49', 98000000.0000, 25, 1, 2022, 1, 'Trân Song Anh', '2022-09-06 17:10:53', 'Ngô Văn Thành', '2022-09-03 02:38:24', '2022-09-08 11:23:50', 5800000.0000),
('212a5f62-4eb8-203c-4035-0028ed526dd0', 'TS030', 'BMW Chiron Pur Sport', '142cb08f-7c31-21fa-8e90-67245e8b283e', '3b86d2ed-446c-5fce-56be-406293204378', '2022-09-11 17:01:06', 73000000.0000, 45, 1, 2022, 1, 'Trịnh Nhất Mạnh', '2022-09-07 00:35:22', 'Ngô Hàn Thanh', '2022-09-06 13:29:45', '2022-09-08 02:12:18', 6100000.0000),
('214977d8-66ff-5762-1335-60b3ebf808a9', 'TS156', 'BMW Maybach Exelero', '17120d02-6ab5-3e43-18cb-66948daf6128', '25c6c36e-1668-7d10-6e09-bf1378b8dc91', '2022-09-11 00:01:15', 38000000.0000, 5, 1, 2022, 1, 'ĐÕ Hà Hoàng', '2022-09-07 03:21:05', 'ĐÕ Yên Anh', '2022-09-05 02:06:31', '2022-09-03 00:00:07', 7700000.0000),
('21ae5078-5e68-3790-6af6-423b4e874d0f', 'TS017', 'Kawasaki Koenigsegg Jesko', '4e272fc4-7875-78d6-7d32-6a1673ffca7c', '354f1b13-17bf-1b52-87d5-ba100c6f7bce', '2022-09-11 00:00:12', 10000000.0000, 13, 1, 2022, 1, 'Lý Diệp Thanh', '2022-09-04 17:13:22', 'Bùi Diệp Thái', '2022-09-03 01:12:19', '2022-09-04 05:39:40', 5700000.0000),
('22732821-2015-1da3-4335-0028ed526dd0', 'TS036', 'Yamaha Sesto Elemento ', '17120d02-6ab5-3e43-18cb-66948daf6128', '25c6c36e-1668-7d10-6e09-bf1378b8dc91', '2022-09-11 20:11:03', 97000000.0000, 8, 1, 2022, 1, 'Bùi Mộc Cường', '2022-09-03 14:13:23', 'Đặng Yên Hiếu', '2022-09-03 00:01:37', '2022-09-08 03:24:16', NULL),
('22bba567-6206-6bf1-0c35-60b3ebf808a9', 'TS062', 'MV Agusta ', '469b3ece-744a-45d5-957d-e8c757976496', '3b86d2ed-446c-5fce-56be-406293204378', '2022-09-11 18:11:35', 21000000.0000, 17, 1, 2022, 1, 'Võ Văn Hiếu', '2022-09-03 00:00:08', 'Trân Võ Ngọc', '2022-09-07 07:06:00', '2022-09-04 20:57:46', 9000000.0000),
('22f0091b-523a-6c8e-4c35-0028ed526dd0', 'TS155', 'Bentley Pininfarina Sergio', '142cb08f-7c31-21fa-8e90-67245e8b283e', '25c6c36e-1668-7d10-6e09-bf1378b8dc91', '2022-09-11 02:41:11', 11000000.0000, 31, 1, 2022, 1, 'ĐÕ Tô Thanh', '2022-09-07 18:26:42', 'Trương Võ Thanh', '2022-09-03 00:00:42', '2022-09-03 13:16:35', 4300000.0000),
('231ea7f8-1468-6e29-5235-0028ed526dd0', 'TS173', 'Audi Maybach Exelero', '142cb08f-7c31-21fa-8e90-67245e8b283e', '25c6c36e-1668-7d10-6e09-bf1378b8dc91', '2022-09-11 00:25:09', 72000000.0000, 37, 1, 2022, 1, 'Trân Võ Trường', '2022-09-06 09:47:17', 'Võ Yên Tuấn', '2022-09-03 22:18:36', '2022-09-03 00:01:19', 6200000.0000),
('233d36ab-4bd0-431e-78f6-423b4e874d0f', 'TS158', 'Aprilia F60 Mỹ', '142cb08f-7c31-21fa-8e90-67245e8b283e', '3b86d2ed-446c-5fce-56be-406293204378', '2022-09-11 02:43:46', 77000000.0000, 19, 1, 2022, 1, 'Trân Văn Cường', '2022-09-07 21:48:59', 'Đinh Võ Cường', '2022-09-08 07:33:36', '2022-09-03 01:00:13', 5100000.0000),
('234865cb-5d80-7244-70f6-423b4e874d0f', 'TS008', 'Porsche Mansory Vivere', '4e272fc4-7875-78d6-7d32-6a1673ffca7c', '354f1b13-17bf-1b52-87d5-ba100c6f7bce', '2022-09-11 00:00:41', 71000000.0000, 6, 1, 2022, 1, 'Phan Tiếu Cường', '2022-09-07 10:18:43', 'Võ Võ Trường', '2022-09-07 13:23:44', '2022-09-08 23:45:07', 5500000.0000),
('2356a2d8-7751-6f97-66f6-423b4e874d0f', 'TS039', 'Bentley Sesto Elemento ', '4e272fc4-7875-78d6-7d32-6a1673ffca7c', '3b86d2ed-446c-5fce-56be-406293204378', '2022-09-11 19:37:36', 84000000.0000, 30, 1, 2022, 1, 'Đinh Hàn Bằng', '2022-09-07 03:45:09', 'Trân Tiếu Bằng', '2022-09-03 00:14:48', '2022-09-03 20:22:02', 7800000.0000),
('237092c3-5684-7bb6-0a35-60b3ebf808a9', 'TS165', 'Yamaha Koenigsegg One', '142cb08f-7c31-21fa-8e90-67245e8b283e', '25c6c36e-1668-7d10-6e09-bf1378b8dc91', '2022-09-11 11:45:32', 23000000.0000, 50, 1, 2022, 1, 'Hồ Song Hương', '2022-09-04 22:27:15', 'Dương Nhất Hoàng', '2022-09-06 02:14:06', '2022-09-04 00:17:25', 5300000.0000),
('244b1b16-56fc-1f92-73f6-423b4e874d0f', 'TS236', 'MV Agusta LaFerrari Aperta', '17120d02-6ab5-3e43-18cb-66948daf6128', '3b86d2ed-446c-5fce-56be-406293204378', '2022-09-11 16:36:33', 36000000.0000, 29, 1, 2022, 1, 'Đặng Hà Hiếu', '2022-09-03 00:00:13', 'Vũ Tranh Tuấn', '2022-09-03 14:02:48', '2022-09-05 06:52:16', 7400000.0000),
('255b28ba-2177-6baf-0835-60b3ebf808a9', 'TS210', 'Ferrari Maybach Exelero', '17120d02-6ab5-3e43-18cb-66948daf6128', '3700cc49-55b5-69ea-4929-a2925c0f334d', '2022-09-11 12:42:11', 13000000.0000, 14, 1, 2022, 1, 'Phạm Diệp Trường', '2022-09-06 23:31:56', 'Bùi Toàn Thành', '2022-09-03 02:25:22', '2022-09-03 00:00:02', 5800000.0000),
('256c7bfd-6225-4caa-3077-d9ebc53aac3d', 'TS277', 'Suzuki Divo', '469b3ece-744a-45d5-957d-e8c757976496', '148ed882-32b8-218e-9c20-39c2f00615e8', '2022-09-11 21:56:17', 51000000.0000, 28, 1, 2022, 1, 'Nguyễn Thu Trường', '2022-09-04 08:00:45', 'Phạm Văn Mạnh', '2022-09-08 00:25:35', '2022-09-05 14:01:12', 5500000.0000),
('257f267d-1259-4c3b-2e80-de64d090a2c2', 'TS269', 'Harley-Davidson Pininfarina Sergio', '469b3ece-744a-45d5-957d-e8c757976496', '148ed882-32b8-218e-9c20-39c2f00615e8', '2022-09-11 03:20:40', 89000000.0000, 23, 1, 2022, 1, 'Võ Chi Mạnh', '2022-09-03 00:01:33', 'Trịnh Toàn Bằng', '2022-09-03 10:43:58', '2022-09-03 00:00:09', 1300000.0000),
('27e60da2-385e-6804-8441-c1ec321fe728', 'TS106', 'Lamborghini Mansory Vivere', '142cb08f-7c31-21fa-8e90-67245e8b283e', '354f1b13-17bf-1b52-87d5-ba100c6f7bce', '2022-09-11 23:26:56', 14000000.0000, 10, 1, 2022, 1, 'Phạm Mộc Anh', '2022-09-08 00:53:10', 'Nguyễn Mộc Thanh', '2022-09-07 17:06:22', '2022-09-07 16:38:21', 5600000.0000),
('281af570-5697-2b8d-6b80-7ed9d1ea06ea', 'TS004', 'Mercedes-benz Centodieci ', '17120d02-6ab5-3e43-18cb-66948daf6128', '148ed882-32b8-218e-9c20-39c2f00615e8', '2022-09-11 07:04:07', 54000000.0000, 33, 1, 2022, 1, 'Phạm Hà Cường', '2022-09-05 13:08:42', 'Ngô Song Thuận', '2022-09-08 16:53:07', '2022-09-04 18:53:35', 8700000.0000),
('285d6b44-3b0c-4697-e01d-086412a8ea97', 'TS273', 'Lexus Rolls Royce Sweptail', '469b3ece-744a-45d5-957d-e8c757976496', '148ed882-32b8-218e-9c20-39c2f00615e8', '2022-09-11 00:00:04', 94000000.0000, 3, 1, 2022, 1, 'Võ Tô Bằng', '2022-09-03 00:01:20', 'Trân Nại Tuấn', '2022-09-03 02:18:45', '2022-09-03 00:00:09', 9000000.0000),
('28692b18-2ec1-574b-6780-7ed9d1ea06ea', 'TS130', 'Suzuki Koenigsegg Jesko', '469b3ece-744a-45d5-957d-e8c757976496', '354f1b13-17bf-1b52-87d5-ba100c6f7bce', '2022-09-11 14:25:36', 32000000.0000, 26, 1, 2022, 1, 'ĐÕ Nhu Mạnh', '2022-09-04 21:32:09', 'Trân Nhu Hiếu', '2022-09-03 00:00:51', '2022-09-04 22:21:10', NULL),
('2872c174-68d3-29c1-4935-0028ed526dd0', 'TS053', 'Yamaha AMG One', '142cb08f-7c31-21fa-8e90-67245e8b283e', '354f1b13-17bf-1b52-87d5-ba100c6f7bce', '2022-09-11 00:10:43', 44000000.0000, 7, 1, 2022, 1, 'Nguyễn Chi Mạnh', '2022-09-07 05:06:11', 'Trân Chi Trường', '2022-09-08 08:44:06', '2022-09-06 06:55:16', 2200000.0000),
('28cd1599-63bf-785f-4f80-7ed9d1ea06ea', 'TS124', 'Mercedes-benz Koenigsegg Jesko', '4e272fc4-7875-78d6-7d32-6a1673ffca7c', '354f1b13-17bf-1b52-87d5-ba100c6f7bce', '2022-09-11 13:31:55', 34000000.0000, 17, 1, 2022, 1, 'Trịnh Võ Hoàng', '2022-09-08 22:22:12', 'Trương Diệp Thành', '2022-09-08 07:25:50', '2022-09-07 04:57:35', 3100000.0000),
('29dcec4b-6bba-5878-1735-60b3ebf808a9', 'TS067', 'Bentley Hypersport', '4e272fc4-7875-78d6-7d32-6a1673ffca7c', '25c6c36e-1668-7d10-6e09-bf1378b8dc91', '2022-09-11 05:55:27', 92000000.0000, 43, 1, 2022, 1, 'Vũ Hà Ngọc', '2022-09-08 16:30:59', 'Võ Chi Hiếu', '2022-09-03 00:25:08', '2022-09-07 13:40:40', 2400000.0000),
('2afb2146-430d-394b-3d35-0028ed526dd0', 'TS054', 'GPX Racing Sesto Elemento ', '4e272fc4-7875-78d6-7d32-6a1673ffca7c', '25c6c36e-1668-7d10-6e09-bf1378b8dc91', '2022-09-11 08:28:56', 74000000.0000, 39, 1, 2022, 1, 'Lê Song Hoàng', '2022-09-03 00:00:44', 'Trân Toàn Ngọc', '2022-09-06 12:55:57', '2022-09-03 00:00:07', 7700000.0000),
('2bd27090-2727-2b8e-2f80-de64d090a2c2', 'TS043', 'Mercedes-benz Veneno Roadster', '142cb08f-7c31-21fa-8e90-67245e8b283e', '25c6c36e-1668-7d10-6e09-bf1378b8dc91', '2022-09-11 00:13:48', 32000000.0000, 42, 1, 2022, 1, 'Đặng Tranh Trường', '2022-09-03 02:02:20', 'Hoàng Mộc Cường', '2022-09-08 04:47:34', '2022-09-03 01:38:08', 7400000.0000),
('2bd927cf-7faf-452e-4535-0028ed526dd0', 'TS060', 'Harley-Davidson Centodieci ', '17120d02-6ab5-3e43-18cb-66948daf6128', '3b86d2ed-446c-5fce-56be-406293204378', '2022-09-11 07:10:10', 59000000.0000, 43, 1, 2022, 1, 'Trân Tranh Trường', '2022-09-05 00:14:34', 'Phan Hà Bằng', '2022-09-07 18:31:35', '2022-09-03 00:00:06', 8100000.0000),
('2c06d3cb-7ef7-4462-5e80-7ed9d1ea06ea', 'TS180', 'Harley-Davidson Mansory Vivere', '17120d02-6ab5-3e43-18cb-66948daf6128', '1b691e79-236d-5b5a-9d20-39c2f00615e8', '2022-09-11 00:03:55', 91000000.0000, 37, 1, 2022, 1, 'Huỳnh Nại Thái', '2022-09-06 16:52:04', 'Vũ Chi Trường', '2022-09-06 11:30:09', '2022-09-05 02:56:46', 2100000.0000),
('2c380a42-1611-28c2-3ac2-579daad24557', 'TS133', 'Lamborghini LaFerrari Aperta', '469b3ece-744a-45d5-957d-e8c757976496', '1b691e79-236d-5b5a-9d20-39c2f00615e8', '2022-09-11 00:24:11', 68000000.0000, 19, 1, 2022, 1, 'Trương Văn Minh', '2022-09-05 12:01:35', 'ĐÕ Tô Hiếu', '2022-09-03 00:00:07', '2022-09-05 08:38:37', 4300000.0000),
('2d3ae261-2b44-7713-41c2-579daad24557', 'TS175', 'Triumph McLaren Speedtail', '17120d02-6ab5-3e43-18cb-66948daf6128', '25c6c36e-1668-7d10-6e09-bf1378b8dc91', '2022-09-11 11:28:52', 24000000.0000, 42, 1, 2022, 1, 'Vũ Mộc Thái', '2022-09-05 19:56:32', 'Huỳnh Thu Anh', '2022-09-04 14:57:46', '2022-09-05 17:06:09', 2900000.0000),
('2efc0ff3-37c0-286f-bbd2-89b22d10517e', 'TS094', 'Bentley McLaren P1 LM', '4e272fc4-7875-78d6-7d32-6a1673ffca7c', '354f1b13-17bf-1b52-87d5-ba100c6f7bce', '2022-09-11 13:10:48', 51000000.0000, 14, 1, 2022, 1, 'Dương Chi Hương', '2022-09-04 16:25:19', 'Phạm Thu Bằng', '2022-09-05 23:13:34', '2022-09-03 15:34:50', 9700000.0000),
('2f25e35e-15fb-71e4-4e35-0028ed526dd0', 'TS027', 'Aprilia Martin Vulcan', '469b3ece-744a-45d5-957d-e8c757976496', '3b86d2ed-446c-5fce-56be-406293204378', '2022-09-11 00:00:06', 99000000.0000, 34, 1, 2022, 1, 'Lê Hàn Thuận', '2022-09-08 07:57:08', 'Lý Song Minh', '2022-09-03 01:47:09', '2022-09-04 11:53:09', 7600000.0000),
('2f43fc9d-1f7a-25fc-5280-7ed9d1ea06ea', 'TS212', 'Aprilia Mansory Vivere', '142cb08f-7c31-21fa-8e90-67245e8b283e', '148ed882-32b8-218e-9c20-39c2f00615e8', '2022-09-11 15:43:28', 52000000.0000, 13, 1, 2022, 1, 'ĐÕ Nhu Trường', '2022-09-05 00:56:50', 'Lê Tranh Thành', '2022-09-03 00:08:52', '2022-09-03 05:06:39', 3500000.0000),
('2f4cc91d-6f13-4b4c-1c80-de64d090a2c2', 'TS249', 'Harley-Davidson Koenigsegg One', '4e272fc4-7875-78d6-7d32-6a1673ffca7c', '148ed882-32b8-218e-9c20-39c2f00615e8', '2022-09-11 00:15:45', 72000000.0000, 13, 1, 2022, 1, 'Trịnh Văn Cường', '2022-09-07 03:55:15', 'Huỳnh Toàn Cường', '2022-09-03 00:01:38', '2022-09-03 00:05:18', 7600000.0000),
('2fde0921-432c-64c5-0935-60b3ebf808a9', 'TS000', 'Triumph ', '142cb08f-7c31-21fa-8e90-67245e8b283e', '354f1b13-17bf-1b52-87d5-ba100c6f7bce', '2022-09-11 20:32:01', 27000000.0000, 10, 1, 2022, 1, 'Ngô Chi Cường', '2022-09-05 22:45:05', 'Hoàng Nhu Tuấn', '2022-09-03 23:03:00', '2022-09-04 16:55:32', 6600000.0000),
('3017e692-73fb-6331-6a80-7ed9d1ea06ea', 'TS095', 'Lexus LaFerrari Aperta', '469b3ece-744a-45d5-957d-e8c757976496', '25c6c36e-1668-7d10-6e09-bf1378b8dc91', '2022-09-11 05:56:17', 38000000.0000, 5, 1, 2022, 1, 'Vũ Song Minh', '2022-09-03 05:05:17', 'Ngô Nại Tuấn', '2022-09-04 13:53:19', '2022-09-03 04:29:20', 8700000.0000),
('31629133-61f6-7765-1535-60b3ebf808a9', 'TS111', 'Lamborghini McLaren Speedtail', '17120d02-6ab5-3e43-18cb-66948daf6128', '3700cc49-55b5-69ea-4929-a2925c0f334d', '2022-09-11 12:17:31', 20000000.0000, 41, 1, 2022, 1, 'Diệp Nại Trường', '2022-09-08 23:43:07', 'Diệp Mộc Hương', '2022-09-03 12:59:07', '2022-09-05 20:32:32', 5600000.0000),
('31ae1818-7baf-1872-1e77-d9ebc53aac3d', 'TS152', 'Samsung Mansory Vivere', '142cb08f-7c31-21fa-8e90-67245e8b283e', '25c6c36e-1668-7d10-6e09-bf1378b8dc91', '2022-09-11 00:00:01', 61000000.0000, 15, 1, 2022, 1, 'Trương Mộc Trường', '2022-09-05 19:02:29', 'Trân Thu Trường', '2022-09-03 00:00:39', '2022-09-03 00:01:00', 9300000.0000),
('322105dd-142f-392d-2fc2-579daad24557', 'TS256', 'Bentley Sian', '4e272fc4-7875-78d6-7d32-6a1673ffca7c', '148ed882-32b8-218e-9c20-39c2f00615e8', '2022-09-11 10:53:15', 19000000.0000, 36, 1, 2022, 1, 'Trân Nhất Thành', '2022-09-03 23:10:03', 'Huỳnh Nhất Thanh', '2022-09-07 14:11:22', '2022-09-04 17:23:25', 1300000.0000),
('324ac33a-77c5-13a5-0535-60b3ebf808a9', 'TS031', 'BMW Martin Valkyrie', '4e272fc4-7875-78d6-7d32-6a1673ffca7c', '148ed882-32b8-218e-9c20-39c2f00615e8', '2022-09-11 00:00:18', 93000000.0000, 43, 1, 2022, 1, 'Nguyễn Chi Ngọc', '2022-09-03 00:00:51', 'Hồ Toàn Trường', '2022-09-05 05:51:29', '2022-09-03 00:12:37', 4100000.0000),
('329b5332-34e3-1ae4-6ef6-423b4e874d0f', 'TS272', 'Kawasaki Huayra Imola', '142cb08f-7c31-21fa-8e90-67245e8b283e', '148ed882-32b8-218e-9c20-39c2f00615e8', '2022-09-11 09:18:59', 34000000.0000, 37, 1, 2022, 1, 'Vũ Diệp Hoàng', '2022-09-05 16:41:59', 'Diệp Hàn Cường', '2022-09-08 10:22:52', '2022-09-08 18:30:53', 4100000.0000),
('32d33559-61a5-4afd-d91d-086412a8ea97', 'TS187', 'Ducati LaFerrari Aperta', '17120d02-6ab5-3e43-18cb-66948daf6128', '3700cc49-55b5-69ea-4929-a2925c0f334d', '2022-09-11 09:00:14', 22000000.0000, 6, 1, 2022, 1, 'Bùi Tranh Hương', '2022-09-03 16:42:55', 'Vũ Hàn Trường', '2022-09-04 11:56:14', '2022-09-03 00:01:23', 9400000.0000),
('3304dddb-1b72-607f-25c2-579daad24557', 'TS127', 'Iphone HP Barchetta', '469b3ece-744a-45d5-957d-e8c757976496', '3700cc49-55b5-69ea-4929-a2925c0f334d', '2022-09-11 02:38:30', 81000000.0000, 22, 1, 2022, 1, 'Đặng Toàn Trường', '2022-09-05 10:30:35', 'Dương Chi Bằng', '2022-09-03 08:36:19', '2022-09-03 02:13:43', 4600000.0000),
('33589ecb-33ac-28c7-9241-c1ec321fe728', 'TS219', 'Ducati McLaren P1', '17120d02-6ab5-3e43-18cb-66948daf6128', '354f1b13-17bf-1b52-87d5-ba100c6f7bce', '2022-09-11 12:07:13', 88000000.0000, 31, 1, 2022, 1, 'Diệp Nại Cường', '2022-09-03 00:01:25', 'Trân Tranh Cường', '2022-09-08 15:13:30', '2022-09-03 00:00:43', 4300000.0000),
('337faf61-662b-461a-69f6-423b4e874d0f', 'TS167', 'BMW Ferrari FXX K', '4e272fc4-7875-78d6-7d32-6a1673ffca7c', '354f1b13-17bf-1b52-87d5-ba100c6f7bce', '2022-09-11 00:00:47', 82000000.0000, 38, 1, 2022, 1, 'Huỳnh Tô Cường', '2022-09-07 17:19:40', 'Trân Tiếu Minh', '2022-09-04 03:15:02', '2022-09-05 13:43:50', 7200000.0000),
('33ec4fea-4c03-3191-3ec2-579daad24557', 'TS012', 'GPX Racing LaFerrari Aperta', '469b3ece-744a-45d5-957d-e8c757976496', '354f1b13-17bf-1b52-87d5-ba100c6f7bce', '2022-09-11 16:25:42', 61000000.0000, 31, 1, 2022, 1, 'Hồ Song Trường', '2022-09-04 21:39:41', 'Phan Hàn Hương', '2022-09-05 14:39:57', '2022-09-03 17:07:09', 8500000.0000),
('34d0d1b9-d35e-4e47-9d5a-7d7be0188e26', 'TS287', 'Thiên cơ tán 5555555555555555555555555555555555555555', '469b3ece-744a-45d5-957d-e8c757976496', '25c6c36e-1668-7d10-6e09-bf1378b8dc91', '0001-01-01 00:00:00', 10000000.0000, 1, 0.2, 0, 5, NULL, '0001-01-01 00:00:00', NULL, '2022-09-11 13:56:08', '0001-01-01 00:00:00', 2000000.0000),
('34d0e3b5-6d5f-1fd7-0635-60b3ebf808a9', 'TS207', 'MV Agusta Chiron Super Sport', '142cb08f-7c31-21fa-8e90-67245e8b283e', '3700cc49-55b5-69ea-4929-a2925c0f334d', '2022-09-11 00:00:55', 53000000.0000, 44, 1, 2022, 1, 'Trịnh Song Hoàng', '2022-09-03 08:24:08', 'Dương Nhất Hoàng', '2022-09-03 08:49:00', '2022-09-07 19:45:49', 2900000.0000),
('350cf027-3245-532d-bcd2-89b22d10517e', 'TS052', 'Iphone McLaren Speedtail', '4e272fc4-7875-78d6-7d32-6a1673ffca7c', '3700cc49-55b5-69ea-4929-a2925c0f334d', '2022-09-11 09:14:42', 80000000.0000, 12, 1, 2022, 1, 'Trân Võ Trường', '2022-09-03 12:49:38', 'Nguyễn Nhu Minh', '2022-09-03 18:37:08', '2022-09-08 17:06:45', 3000000.0000),
('3512583a-64ab-33c0-6c80-7ed9d1ea06ea', 'TS174', 'Porsche LaFerrari Aperta', '4e272fc4-7875-78d6-7d32-6a1673ffca7c', '25c6c36e-1668-7d10-6e09-bf1378b8dc91', '2022-09-11 02:45:02', 65000000.0000, 17, 1, 2022, 1, 'Hoàng Hà Mạnh', '2022-09-05 21:18:24', 'Phan Hàn Thuận', '2022-09-03 23:21:59', '2022-09-07 08:55:08', 4300000.0000),
('3582e86f-1b41-6262-7ef6-423b4e874d0f', 'TS177', 'Audi Huayra BC', '142cb08f-7c31-21fa-8e90-67245e8b283e', '3700cc49-55b5-69ea-4929-a2925c0f334d', '2022-09-11 23:02:08', 61000000.0000, 33, 1, 2022, 1, 'Trịnh Chi Mạnh', '2022-09-03 03:23:02', 'Diệp Văn Tuấn', '2022-09-08 18:11:36', '2022-09-03 00:22:32', 8000000.0000),
('35c3a053-254d-33f3-1b80-de64d090a2c2', 'TS076', 'BMW Martin Vulcan', '17120d02-6ab5-3e43-18cb-66948daf6128', '25c6c36e-1668-7d10-6e09-bf1378b8dc91', '2022-09-11 00:14:57', 66000000.0000, 5, 1, 2022, 1, 'Trịnh Nhất Bằng', '2022-09-03 02:37:34', 'Hoàng Nhu Anh', '2022-09-03 00:14:52', '2022-09-03 00:23:34', 1900000.0000),
('360bd1e4-7bbf-3971-d41d-086412a8ea97', 'TS226', 'Porsche Veneno Roadster', '4e272fc4-7875-78d6-7d32-6a1673ffca7c', '354f1b13-17bf-1b52-87d5-ba100c6f7bce', '2022-09-11 20:34:49', 18000000.0000, 17, 1, 2022, 1, 'Phạm Yên Ngọc', '2022-09-05 12:27:44', 'Trân Văn Cường', '2022-09-03 19:17:37', '2022-09-03 00:01:00', 3500000.0000),
('363b67cb-40ae-552d-2b77-d9ebc53aac3d', 'TS134', 'Audi LaFerrari Aperta', '17120d02-6ab5-3e43-18cb-66948daf6128', '3b86d2ed-446c-5fce-56be-406293204378', '2022-09-11 11:26:25', 57000000.0000, 9, 1, 2022, 1, 'Lê Tô Cường', '2022-09-04 21:17:12', 'Võ Hà Tuấn', '2022-09-08 04:23:55', '2022-09-08 02:25:58', NULL),
('36ac2df8-2b1e-368f-cc1d-086412a8ea97', 'TS238', 'Lamborghini Veneno Roadster', '17120d02-6ab5-3e43-18cb-66948daf6128', '3700cc49-55b5-69ea-4929-a2925c0f334d', '2022-09-11 05:44:46', 79000000.0000, 28, 1, 2022, 1, 'Huỳnh Song Cường', '2022-09-03 00:04:54', 'Phạm Chi Thành', '2022-09-05 03:04:16', '2022-09-03 20:23:27', 4300000.0000),
('3738ce93-1661-5628-2cc2-579daad24557', 'TS002', 'Yamaha Mansory Vivere', '17120d02-6ab5-3e43-18cb-66948daf6128', '25c6c36e-1668-7d10-6e09-bf1378b8dc91', '2022-09-11 12:16:01', 75000000.0000, 4, 1, 2022, 1, 'Phạm Thu Tuấn', '2022-09-07 08:28:59', 'Lý Nhất Trường', '2022-09-08 12:22:58', '2022-09-05 17:17:33', 6200000.0000),
('373aae71-7e6b-6eff-c6d2-89b22d10517e', 'TS153', 'Lexus Mansory Vivere', '17120d02-6ab5-3e43-18cb-66948daf6128', '3700cc49-55b5-69ea-4929-a2925c0f334d', '2022-09-11 02:09:26', 34000000.0000, 4, 1, 2022, 1, 'Dương Chi Tuấn', '2022-09-05 22:57:21', 'Trịnh Võ Thanh', '2022-09-04 06:22:09', '2022-09-07 06:41:57', 4000000.0000),
('38085202-6473-26a9-7bf6-423b4e874d0f', 'TS233', 'Lamborghini AMG One', '142cb08f-7c31-21fa-8e90-67245e8b283e', '3700cc49-55b5-69ea-4929-a2925c0f334d', '2022-09-11 08:27:13', 62000000.0000, 13, 1, 2022, 1, 'Dương Tranh Hoàng', '2022-09-03 00:30:20', 'Võ Nại Hiếu', '2022-09-04 23:07:19', '2022-09-04 22:55:46', 8400000.0000),
('383760d5-6851-218b-4835-0028ed526dd0', 'TS258', 'BMW McLaren Speedtail', '142cb08f-7c31-21fa-8e90-67245e8b283e', '1b691e79-236d-5b5a-9d20-39c2f00615e8', '2022-09-11 06:47:35', 11000000.0000, 1, 1, 2022, 1, 'Võ Thu Ngọc', '2022-09-05 04:11:52', 'Đặng Hàn Hương', '2022-09-08 18:09:07', '2022-09-03 00:00:10', 5900000.0000),
('38dc720e-654a-29d5-34c2-579daad24557', 'TS189', 'BMW Sesto Elemento ', '17120d02-6ab5-3e43-18cb-66948daf6128', '25c6c36e-1668-7d10-6e09-bf1378b8dc91', '2022-09-11 11:20:38', 59000000.0000, 4, 1, 2022, 1, 'Võ Hà Cường', '2022-09-03 00:00:03', 'Đặng Song Thái', '2022-09-08 18:05:21', '2022-09-03 00:01:09', 8000000.0000),
('395826c8-15a0-31f9-5980-7ed9d1ea06ea', 'TS044', 'Samsung La Voiture Noire', '469b3ece-744a-45d5-957d-e8c757976496', '25c6c36e-1668-7d10-6e09-bf1378b8dc91', '2022-09-11 15:00:11', 67000000.0000, 44, 1, 2022, 1, 'Hồ Yên Ngọc', '2022-09-07 07:21:43', 'Lý Nại Thành', '2022-09-08 16:00:18', '2022-09-05 12:12:39', 2600000.0000),
('395fb299-3c5f-46fe-8841-c1ec321fe728', 'TS126', 'Samsung Zenvo TS1 GT', '142cb08f-7c31-21fa-8e90-67245e8b283e', '148ed882-32b8-218e-9c20-39c2f00615e8', '2022-09-11 21:40:33', 95000000.0000, 19, 1, 2022, 1, 'Bùi Nại Hiếu', '2022-09-03 00:08:22', 'Phan Mộc Minh', '2022-09-03 18:53:35', '2022-09-07 15:59:50', 9800000.0000),
('39f3c493-4680-145e-42c2-579daad24557', 'TS163', 'Bentley ', '142cb08f-7c31-21fa-8e90-67245e8b283e', '354f1b13-17bf-1b52-87d5-ba100c6f7bce', '2022-09-11 00:15:58', 18000000.0000, 5, 1, 2022, 1, 'Lý Thu Cường', '2022-09-03 00:00:09', 'Diệp Hà Mạnh', '2022-09-03 00:00:13', '2022-09-08 13:05:48', 8000000.0000),
('3a425a4d-6066-116b-6bf6-423b4e874d0f', 'TS253', 'Kawasaki Martin Vulcan', '4e272fc4-7875-78d6-7d32-6a1673ffca7c', '25c6c36e-1668-7d10-6e09-bf1378b8dc91', '2022-09-11 11:31:10', 52000000.0000, 5, 1, 2022, 1, 'Đinh Tiếu Minh', '2022-09-03 00:01:09', 'Phan Diệp Hoàng', '2022-09-03 00:09:31', '2022-09-03 00:00:04', 9100000.0000),
('3abffc51-2a43-18c6-6cf6-423b4e874d0f', 'TS013', 'Harley-Davidson CCXR Trevita', '469b3ece-744a-45d5-957d-e8c757976496', '354f1b13-17bf-1b52-87d5-ba100c6f7bce', '2022-09-11 00:00:10', 87000000.0000, 13, 1, 2022, 1, 'Hồ Song Cường', '2022-09-07 05:12:34', 'Võ Võ Thái', '2022-09-03 00:00:01', '2022-09-08 21:05:15', 3500000.0000),
('3ac85d96-49eb-7b1d-1135-60b3ebf808a9', 'TS201', 'Ferrari Koenigsegg One', '17120d02-6ab5-3e43-18cb-66948daf6128', '3700cc49-55b5-69ea-4929-a2925c0f334d', '2022-09-11 00:13:25', 73000000.0000, 36, 1, 2022, 1, 'Đinh Mộc Hiếu', '2022-09-03 13:14:58', 'Phan Yên Hiếu', '2022-09-05 15:38:39', '2022-09-06 11:17:35', NULL),
('3b668e3c-742f-4876-8e41-c1ec321fe728', 'TS235', 'Iphone Ferrari FXX K', '17120d02-6ab5-3e43-18cb-66948daf6128', '1b691e79-236d-5b5a-9d20-39c2f00615e8', '2022-09-11 05:43:36', 51000000.0000, 5, 1, 2022, 1, 'Trịnh Tranh Hiếu', '2022-09-04 10:04:08', 'Phan Nại Minh', '2022-09-03 00:01:20', '2022-09-05 19:30:38', 3500000.0000),
('3b9ddf67-2552-6683-5a80-7ed9d1ea06ea', 'TS283', 'Kawasaki Centodieci ', '142cb08f-7c31-21fa-8e90-67245e8b283e', '1b691e79-236d-5b5a-9d20-39c2f00615e8', '2022-09-11 21:53:14', 59000000.0000, 38, 1, 2022, 1, 'Vũ Song Cường', '2022-09-04 17:41:32', 'Diệp Diệp Hiếu', '2022-09-03 16:59:05', '2022-09-03 00:01:06', 6500000.0000),
('3cb58bb5-2fd7-6c15-8741-c1ec321fe728', 'TS123', 'Harley-Davidson Huayra BC', '17120d02-6ab5-3e43-18cb-66948daf6128', '354f1b13-17bf-1b52-87d5-ba100c6f7bce', '2022-09-11 10:53:16', 30000000.0000, 37, 1, 2022, 1, 'Dương Mộc Hiếu', '2022-09-04 13:39:58', 'Đinh Võ Ngọc', '2022-09-03 19:35:31', '2022-09-03 00:10:38', 2400000.0000),
('3cc7be2d-6406-4b95-3cc2-579daad24557', 'TS128', 'Bentley Maybach Exelero', '142cb08f-7c31-21fa-8e90-67245e8b283e', '25c6c36e-1668-7d10-6e09-bf1378b8dc91', '2022-09-11 19:42:54', 62000000.0000, 20, 1, 2022, 1, 'Phan Yên Hương', '2022-09-06 12:36:40', 'Dương Mộc Anh', '2022-09-03 00:00:04', '2022-09-03 00:00:06', 4400000.0000),
('3d1266d8-49d7-3605-2477-d9ebc53aac3d', 'TS015', 'Harley-Davidson AMG One', '469b3ece-744a-45d5-957d-e8c757976496', '25c6c36e-1668-7d10-6e09-bf1378b8dc91', '2022-09-11 06:33:30', 78000000.0000, 43, 1, 2022, 1, 'Đinh Nại Thanh', '2022-09-05 19:09:05', 'Bùi Văn Thuận', '2022-09-06 01:03:32', '2022-09-03 20:17:01', 6900000.0000),
('3d18d4c2-2f39-3dce-d61d-086412a8ea97', 'TS045', 'Harley-Davidson Zenvo TS1 GT', '142cb08f-7c31-21fa-8e90-67245e8b283e', '3700cc49-55b5-69ea-4929-a2925c0f334d', '2022-09-11 15:39:59', 34000000.0000, 41, 1, 2022, 1, 'Huỳnh Hàn Cường', '2022-09-03 08:51:54', 'Trương Yên Mạnh', '2022-09-08 18:27:22', '2022-09-07 02:27:47', 6200000.0000),
('3d9b23c7-7369-2872-5635-0028ed526dd0', 'TS194', 'Ferrari McLaren P1', '142cb08f-7c31-21fa-8e90-67245e8b283e', '354f1b13-17bf-1b52-87d5-ba100c6f7bce', '2022-09-11 20:23:03', 15000000.0000, 43, 1, 2022, 1, 'Đặng Thu Trường', '2022-09-04 05:20:20', 'ĐÕ Mộc Thành', '2022-09-06 14:29:12', '2022-09-03 19:31:04', NULL),
('3e2b2e81-5437-1a99-9441-c1ec321fe728', 'TS118', 'Harley-Davidson Veneno Roadster', '4e272fc4-7875-78d6-7d32-6a1673ffca7c', '3700cc49-55b5-69ea-4929-a2925c0f334d', '2022-09-11 19:41:24', 34000000.0000, 40, 1, 2022, 1, 'Ngô Yên Hương', '2022-09-06 03:59:54', 'Phan Văn Thái', '2022-09-03 00:01:22', '2022-09-08 21:40:21', 6100000.0000),
('3e51a46c-4153-229c-7f41-c1ec321fe728', 'TS089', 'Ducati HP Barchetta', '142cb08f-7c31-21fa-8e90-67245e8b283e', '25c6c36e-1668-7d10-6e09-bf1378b8dc91', '2022-09-11 12:20:10', 28000000.0000, 49, 1, 2022, 1, 'Hoàng Hàn Mạnh', '2022-09-03 00:09:09', 'Hồ Nhu Tuấn', '2022-09-06 06:12:45', '2022-09-03 00:02:56', NULL),
('3e7dd0ec-7ee5-392a-1277-d9ebc53aac3d', 'TS109', 'Mercedes-benz Huayra Imola', '469b3ece-744a-45d5-957d-e8c757976496', '1b691e79-236d-5b5a-9d20-39c2f00615e8', '2022-09-11 17:37:30', 12000000.0000, 20, 1, 2022, 1, 'Đặng Hà Thuận', '2022-09-03 02:04:26', 'Diệp Nhu Hương', '2022-09-06 21:23:26', '2022-09-06 19:59:22', 1600000.0000),
('3f7028bf-3771-75c5-2380-de64d090a2c2', 'TS096', 'Mercedes-benz McLaren Speedtail', '4e272fc4-7875-78d6-7d32-6a1673ffca7c', '25c6c36e-1668-7d10-6e09-bf1378b8dc91', '2022-09-11 00:00:01', 18000000.0000, 49, 1, 2022, 1, 'Trân Hà Thuận', '2022-09-03 00:00:07', 'Bùi Nhu Cường', '2022-09-04 11:01:41', '2022-09-04 23:42:58', 6400000.0000),
('3fa724dd-431f-5032-2a80-de64d090a2c2', 'TS231', 'Audi Sian', '142cb08f-7c31-21fa-8e90-67245e8b283e', '148ed882-32b8-218e-9c20-39c2f00615e8', '2022-09-11 12:05:22', 70000000.0000, 21, 1, 2022, 1, 'Lê Nhất Thái', '2022-09-03 00:16:30', 'Trương Yên Trường', '2022-09-03 00:16:15', '2022-09-07 18:54:04', 1300000.0000),
('3fc4ed08-1219-1c6d-5480-7ed9d1ea06ea', 'TS057', 'Laptop McLaren P1', '142cb08f-7c31-21fa-8e90-67245e8b283e', '1b691e79-236d-5b5a-9d20-39c2f00615e8', '2022-09-11 19:29:59', 29000000.0000, 22, 1, 2022, 1, 'Lý Diệp Tuấn', '2022-09-08 04:33:23', 'Hồ Nhất Ngọc', '2022-09-03 02:08:04', '2022-09-06 04:02:50', 6200000.0000),
('3fed64ec-2f94-798f-0335-60b3ebf808a9', 'TS237', 'MV Agusta Ferrari FXX K', '469b3ece-744a-45d5-957d-e8c757976496', '148ed882-32b8-218e-9c20-39c2f00615e8', '2022-09-11 07:40:34', 82000000.0000, 18, 1, 2022, 1, 'Đinh Võ Anh', '2022-09-04 09:07:38', 'Hồ Võ Hương', '2022-09-08 14:08:35', '2022-09-03 00:00:08', 1000000.0000),
('40160288-72cf-185c-c8d2-89b22d10517e', 'TS252', 'Kawasaki McLaren P1', '4e272fc4-7875-78d6-7d32-6a1673ffca7c', '3b86d2ed-446c-5fce-56be-406293204378', '2022-09-11 01:38:10', 71000000.0000, 3, 1, 2022, 1, 'Lý Chi Thành', '2022-09-03 02:33:48', 'Vũ Nhất Cường', '2022-09-05 12:58:32', '2022-09-03 00:00:01', 9900000.0000),
('401e72cc-49b0-5b4a-5335-0028ed526dd0', 'TS086', 'Samsung HP Barchetta', '4e272fc4-7875-78d6-7d32-6a1673ffca7c', '25c6c36e-1668-7d10-6e09-bf1378b8dc91', '2022-09-11 03:50:49', 23000000.0000, 31, 1, 2022, 1, 'Nguyễn Văn Thái', '2022-09-06 12:08:25', 'Huỳnh Yên Thanh', '2022-09-03 00:58:15', '2022-09-03 00:00:29', 1800000.0000),
('4029deb6-568c-284f-8941-c1ec321fe728', 'TS227', 'Lexus La Voiture Noire', '469b3ece-744a-45d5-957d-e8c757976496', '1b691e79-236d-5b5a-9d20-39c2f00615e8', '2022-09-11 03:20:09', 57000000.0000, 11, 1, 2022, 1, 'Phan Nhất Minh', '2022-09-07 08:10:03', 'Phan Văn Thành', '2022-09-08 02:34:55', '2022-09-03 06:59:50', 6800000.0000),
('405d596c-21be-7e1a-3dc2-579daad24557', 'TS266', 'Audi Koenigsegg One', '469b3ece-744a-45d5-957d-e8c757976496', '148ed882-32b8-218e-9c20-39c2f00615e8', '2022-09-11 00:58:21', 20000000.0000, 25, 1, 2022, 1, 'Ngô Mộc Mạnh', '2022-09-06 23:36:50', 'Phạm Hà Tuấn', '2022-09-05 01:08:37', '2022-09-05 17:39:20', 1800000.0000),
('407db4d1-222b-287d-0135-60b3ebf808a9', 'TS046', 'Ferrari LaFerrari Aperta', '17120d02-6ab5-3e43-18cb-66948daf6128', '25c6c36e-1668-7d10-6e09-bf1378b8dc91', '2022-09-11 04:16:30', 21000000.0000, 47, 1, 2022, 1, 'Ngô Toàn Ngọc', '2022-09-06 13:48:02', 'Phan Nại Mạnh', '2022-09-07 22:17:31', '2022-09-06 07:48:32', 6900000.0000),
('40904e10-3084-1af7-2a77-d9ebc53aac3d', 'TS159', 'Mercedes-benz Hypersport', '142cb08f-7c31-21fa-8e90-67245e8b283e', '3700cc49-55b5-69ea-4929-a2925c0f334d', '2022-09-11 00:01:22', 22000000.0000, 23, 1, 2022, 1, 'Trân Văn Trường', '2022-09-04 16:10:04', 'Vũ Nhu Trường', '2022-09-06 22:56:22', '2022-09-05 15:32:04', 2400000.0000),
('409dcd1a-426a-23f7-3a35-0028ed526dd0', 'TS132', 'Bentley Centodieci ', '17120d02-6ab5-3e43-18cb-66948daf6128', '148ed882-32b8-218e-9c20-39c2f00615e8', '2022-09-11 13:36:09', 37000000.0000, 31, 1, 2022, 1, 'Diệp Võ Thuận', '2022-09-08 05:38:24', 'Trịnh Song Minh', '2022-09-05 08:35:12', '2022-09-08 02:42:04', 3300000.0000),
('40fff47f-4425-60cb-5135-0028ed526dd0', 'TS143', 'Laptop Chiron Pur Sport', '142cb08f-7c31-21fa-8e90-67245e8b283e', '25c6c36e-1668-7d10-6e09-bf1378b8dc91', '2022-09-11 16:14:09', 15000000.0000, 40, 1, 2022, 1, 'Bùi Thu Thành', '2022-09-03 23:39:08', 'Phan Diệp Trường', '2022-09-08 18:17:02', '2022-09-03 23:54:10', 2900000.0000),
('417f31fa-5c7b-6b08-6280-7ed9d1ea06ea', 'TS230', 'Iphone Pininfarina Sergio', '17120d02-6ab5-3e43-18cb-66948daf6128', '148ed882-32b8-218e-9c20-39c2f00615e8', '2022-09-11 18:48:03', 22000000.0000, 1, 1, 2022, 1, 'Phan Võ Anh', '2022-09-08 03:23:44', 'Đinh Mộc Anh', '2022-09-05 12:49:56', '2022-09-06 17:29:10', 5000000.0000),
('41f1acba-3177-4b1c-c4d2-89b22d10517e', 'TS102', 'Suzuki Maybach Exelero', '469b3ece-744a-45d5-957d-e8c757976496', '3b86d2ed-446c-5fce-56be-406293204378', '2022-09-11 09:56:05', 80000000.0000, 7, 1, 2022, 1, 'Trân Diệp Cường', '2022-09-03 00:14:09', 'Ngô Nhu Tuấn', '2022-09-03 00:01:23', '2022-09-06 05:52:35', 1900000.0000),
('42a13e31-2abb-6171-dc1d-086412a8ea97', 'TS206', 'Kawasaki Pininfarina Sergio', '142cb08f-7c31-21fa-8e90-67245e8b283e', '354f1b13-17bf-1b52-87d5-ba100c6f7bce', '2022-09-11 12:59:21', 27000000.0000, 1, 1, 2022, 1, 'Ngô Song Bằng', '2022-09-03 00:00:32', 'Hồ Nhu Hoàng', '2022-09-07 22:21:09', '2022-09-03 02:20:44', 3700000.0000),
('42b9446a-790b-3892-2ac2-579daad24557', 'TS113', 'Kawasaki Sian', '4e272fc4-7875-78d6-7d32-6a1673ffca7c', '3b86d2ed-446c-5fce-56be-406293204378', '2022-09-11 05:26:25', 33000000.0000, 21, 1, 2022, 1, 'Lý Chi Thành', '2022-09-07 01:37:54', 'Lê Nhu Hiếu', '2022-09-03 00:08:45', '2022-09-06 04:03:36', 4300000.0000),
('42db9027-5e76-257b-33c2-579daad24557', 'TS077', 'Suzuki Hypersport', '469b3ece-744a-45d5-957d-e8c757976496', '354f1b13-17bf-1b52-87d5-ba100c6f7bce', '2022-09-11 11:32:19', 46000000.0000, 50, 1, 2022, 1, 'Diệp Hà Tuấn', '2022-09-03 00:38:22', 'Lê Toàn Hương', '2022-09-07 01:07:22', '2022-09-08 09:04:54', 4800000.0000),
('443674f7-78a9-5ffa-4f35-0028ed526dd0', 'TS208', 'Lexus Veneno Roadster', '142cb08f-7c31-21fa-8e90-67245e8b283e', '354f1b13-17bf-1b52-87d5-ba100c6f7bce', '2022-09-11 07:47:47', 88000000.0000, 31, 1, 2022, 1, 'Hồ Nại Tuấn', '2022-09-03 00:01:07', 'Phạm Võ Cường', '2022-09-05 00:12:02', '2022-09-06 06:34:30', 9400000.0000),
('45bd4aa1-3832-3db8-d21d-086412a8ea97', 'TS018', 'Audi Hypersport', '142cb08f-7c31-21fa-8e90-67245e8b283e', '148ed882-32b8-218e-9c20-39c2f00615e8', '2022-09-11 19:20:52', 60000000.0000, 29, 1, 2022, 1, 'ĐÕ Nhu Thuận', '2022-09-05 05:19:16', 'Hoàng Chi Tuấn', '2022-09-08 13:10:47', '2022-09-05 21:38:13', 5800000.0000),
('45c09477-664f-1904-0f35-60b3ebf808a9', 'TS211', 'Laptop Ferrari LaFerrari', '469b3ece-744a-45d5-957d-e8c757976496', '3700cc49-55b5-69ea-4929-a2925c0f334d', '2022-09-11 10:40:17', 30000000.0000, 17, 1, 2022, 1, 'Trịnh Yên Hiếu', '2022-09-03 00:14:11', 'ĐÕ Tô Hương', '2022-09-08 00:11:46', '2022-09-03 00:01:20', 1200000.0000),
('46325c89-599d-77ef-74f6-423b4e874d0f', 'TS164', 'MV Agusta Chiron Pur Sport', '142cb08f-7c31-21fa-8e90-67245e8b283e', '148ed882-32b8-218e-9c20-39c2f00615e8', '2022-09-11 19:57:32', 55000000.0000, 34, 1, 2022, 1, 'Hoàng Tô Thanh', '2022-09-03 01:24:55', 'Đinh Võ Hương', '2022-09-07 13:58:18', '2022-09-06 01:34:03', 4000000.0000),
('46421cb1-7414-1d61-2c80-de64d090a2c2', 'TS205', 'Laptop HP Barchetta', '469b3ece-744a-45d5-957d-e8c757976496', '148ed882-32b8-218e-9c20-39c2f00615e8', '2022-09-11 00:01:25', 42000000.0000, 17, 1, 2022, 1, 'Nguyễn Nhu Mạnh', '2022-09-06 16:35:41', 'Hồ Văn Hương', '2022-09-03 01:30:57', '2022-09-03 02:27:52', 6500000.0000),
('481183cb-5a6c-795b-68f6-423b4e874d0f', 'TS091', 'Bentley Veneno Roadster', '142cb08f-7c31-21fa-8e90-67245e8b283e', '3b86d2ed-446c-5fce-56be-406293204378', '2022-09-11 15:25:51', 56000000.0000, 49, 1, 2022, 1, 'Phạm Võ Cường', '2022-09-06 12:10:38', 'Lý Chi Mạnh', '2022-09-03 20:26:43', '2022-09-03 11:14:38', 3800000.0000),
('48147636-7e8f-6939-2580-de64d090a2c2', 'TS064', 'Samsung McLaren P1 LM', '142cb08f-7c31-21fa-8e90-67245e8b283e', '25c6c36e-1668-7d10-6e09-bf1378b8dc91', '2022-09-11 03:28:43', 76000000.0000, 38, 1, 2022, 1, 'Huỳnh Chi Hương', '2022-09-07 00:37:48', 'Nguyễn Nhất Thành', '2022-09-06 11:03:24', '2022-09-07 23:56:42', 7100000.0000),
('4852769b-3986-7c69-2077-d9ebc53aac3d', 'TS080', 'Triumph Martin Valkyrie', '17120d02-6ab5-3e43-18cb-66948daf6128', '1b691e79-236d-5b5a-9d20-39c2f00615e8', '2022-09-11 00:29:45', 77000000.0000, 4, 1, 2022, 1, 'Dương Văn Anh', '2022-09-07 22:39:09', 'Hồ Tranh Cường', '2022-09-07 20:05:53', '2022-09-03 01:18:33', 2800000.0000),
('4863fe5f-13df-4653-9041-c1ec321fe728', 'TS090', 'Porsche Martin Valkyrie', '469b3ece-744a-45d5-957d-e8c757976496', '3b86d2ed-446c-5fce-56be-406293204378', '2022-09-11 11:36:21', 47000000.0000, 33, 1, 2022, 1, 'Lý Hàn Thái', '2022-09-07 19:38:26', 'Ngô Diệp Trường', '2022-09-06 07:29:07', '2022-09-03 04:58:57', NULL),
('4989ff24-23e7-7b82-b6d2-89b22d10517e', 'TS101', 'Samsung Rolls Royce Sweptail', '17120d02-6ab5-3e43-18cb-66948daf6128', '148ed882-32b8-218e-9c20-39c2f00615e8', '2022-09-11 14:37:17', 12000000.0000, 18, 1, 2022, 1, 'Diệp Văn Minh', '2022-09-04 03:02:47', 'Lê Nhu Bằng', '2022-09-03 00:00:02', '2022-09-05 01:32:30', 4700000.0000),
('4a594072-7a23-18da-c9d2-89b22d10517e', 'TS263', 'GPX Racing Martin Valkyrie', '142cb08f-7c31-21fa-8e90-67245e8b283e', '1b691e79-236d-5b5a-9d20-39c2f00615e8', '2022-09-11 00:13:25', 72000000.0000, 11, 1, 2022, 1, 'Trương Diệp Cường', '2022-09-06 13:27:36', 'Bùi Hà Mạnh', '2022-09-03 00:00:06', '2022-09-06 12:42:43', 5800000.0000),
('4a9854e8-12ac-72ac-2877-d9ebc53aac3d', 'TS072', 'Iphone Koenigsegg One', '469b3ece-744a-45d5-957d-e8c757976496', '1b691e79-236d-5b5a-9d20-39c2f00615e8', '2022-09-11 16:52:27', 84000000.0000, 20, 1, 2022, 1, 'Vũ Nhất Mạnh', '2022-09-03 00:00:07', 'Đặng Thu Mạnh', '2022-09-07 04:48:46', '2022-09-03 00:10:37', 1600000.0000),
('4b649055-43d5-2b07-de1d-086412a8ea97', 'TS144', 'Laptop Sesto Elemento ', '142cb08f-7c31-21fa-8e90-67245e8b283e', '1b691e79-236d-5b5a-9d20-39c2f00615e8', '2022-09-11 00:12:28', 45000000.0000, 3, 1, 2022, 1, 'Bùi Nhu Cường', '2022-09-03 00:16:31', 'Hoàng Hà Ngọc', '2022-09-03 22:46:12', '2022-09-05 02:56:55', 6700000.0000),
('4bf4567b-1505-40db-dd1d-086412a8ea97', 'TS075', 'Harley-Davidson Martin Valkyrie', '469b3ece-744a-45d5-957d-e8c757976496', '25c6c36e-1668-7d10-6e09-bf1378b8dc91', '2022-09-11 06:50:23', 43000000.0000, 1, 1, 2022, 1, 'Trương Chi Hương', '2022-09-08 12:59:50', 'Phan Hà Minh', '2022-09-04 09:57:31', '2022-09-03 04:57:54', 4600000.0000),
('4bf9ecda-2d8e-1724-1d80-de64d090a2c2', 'TS107', 'Audi Martin Valkyrie', '4e272fc4-7875-78d6-7d32-6a1673ffca7c', '148ed882-32b8-218e-9c20-39c2f00615e8', '2022-09-11 13:41:28', 82000000.0000, 3, 1, 2022, 1, 'Lý Toàn Hoàng', '2022-09-05 12:35:50', 'Trương Yên Hiếu', '2022-09-03 00:01:40', '2022-09-03 00:03:03', 2100000.0000),
('4c14bdf4-3327-39eb-2d80-de64d090a2c2', 'TS035', 'BMW HP Barchetta', '17120d02-6ab5-3e43-18cb-66948daf6128', '1b691e79-236d-5b5a-9d20-39c2f00615e8', '2022-09-11 20:04:08', 73000000.0000, 12, 1, 2022, 1, 'Trịnh Tiếu Cường', '2022-09-03 00:00:05', 'Đặng Diệp Thái', '2022-09-03 00:01:37', '2022-09-04 14:36:11', 7600000.0000),
('4c61c74b-4a9f-769e-0d35-60b3ebf808a9', 'TS217', 'Yamaha Ferrari LaFerrari', '469b3ece-744a-45d5-957d-e8c757976496', '148ed882-32b8-218e-9c20-39c2f00615e8', '2022-09-11 00:00:04', 24000000.0000, 19, 1, 2022, 1, 'Huỳnh Toàn Thành', '2022-09-03 07:12:21', 'Diệp Tô Hiếu', '2022-09-05 00:22:20', '2022-09-04 21:35:00', 5500000.0000),
('4c9ebdde-5f9a-58dd-4235-0028ed526dd0', 'TS221', 'Laptop Hypersport', '17120d02-6ab5-3e43-18cb-66948daf6128', '148ed882-32b8-218e-9c20-39c2f00615e8', '2022-09-11 00:00:02', 26000000.0000, 35, 1, 2022, 1, 'Đinh Diệp Thái', '2022-09-07 13:59:24', 'ĐÕ Võ Cường', '2022-09-03 00:15:28', '2022-09-08 09:09:21', 2300000.0000),
('4d536cce-31bf-335e-bfd2-89b22d10517e', 'TS154', 'Samsung Hypersport', '17120d02-6ab5-3e43-18cb-66948daf6128', '3b86d2ed-446c-5fce-56be-406293204378', '2022-09-11 02:18:06', 90000000.0000, 19, 1, 2022, 1, 'Trân Chi Anh', '2022-09-06 10:00:25', 'Lê Yên Tuấn', '2022-09-06 17:46:40', '2022-09-07 04:04:47', 4300000.0000),
('4d6d3d5c-26da-45b3-2977-d9ebc53aac3d', 'TS088', 'Ducati Chiron Super Sport', '142cb08f-7c31-21fa-8e90-67245e8b283e', '3b86d2ed-446c-5fce-56be-406293204378', '2022-09-11 17:50:24', 40000000.0000, 6, 1, 2022, 1, 'Lê Võ Cường', '2022-09-06 07:43:06', 'Lê Văn Trường', '2022-09-06 06:24:42', '2022-09-05 14:12:29', 8600000.0000),
('4db9a514-6d87-2ec1-3b35-0028ed526dd0', 'TS203', 'Kawasaki AMG One', '469b3ece-744a-45d5-957d-e8c757976496', '3b86d2ed-446c-5fce-56be-406293204378', '2022-09-11 05:18:21', 47000000.0000, 43, 1, 2022, 1, 'Ngô Diệp Ngọc', '2022-09-04 19:54:42', 'Trương Võ Trường', '2022-09-05 00:17:13', '2022-09-08 01:08:34', 5100000.0000),
('4dd0746a-6f49-64fa-1d77-d9ebc53aac3d', 'TS066', 'Yamaha McLaren Speedtail', '17120d02-6ab5-3e43-18cb-66948daf6128', '354f1b13-17bf-1b52-87d5-ba100c6f7bce', '2022-09-11 00:05:27', 29000000.0000, 32, 1, 2022, 1, 'Bùi Võ Anh', '2022-09-03 00:33:05', 'Diệp Tô Thanh', '2022-09-03 00:00:05', '2022-09-03 00:00:50', 3000000.0000),
('4e2c885d-5347-35dc-79f6-423b4e874d0f', 'TS071', 'Bentley AMG One', '469b3ece-744a-45d5-957d-e8c757976496', '25c6c36e-1668-7d10-6e09-bf1378b8dc91', '2022-09-11 06:57:29', 85000000.0000, 1, 1, 2022, 1, 'Lý Toàn Hoàng', '2022-09-08 07:56:17', 'Lý Hàn Tuấn', '2022-09-04 15:32:28', '2022-09-03 00:01:39', NULL),
('4eb131b8-234a-632f-4b35-0028ed526dd0', 'TS150', 'GPX Racing Koenigsegg Jesko', '4e272fc4-7875-78d6-7d32-6a1673ffca7c', '354f1b13-17bf-1b52-87d5-ba100c6f7bce', '2022-09-11 00:00:27', 18000000.0000, 7, 1, 2022, 1, 'Trịnh Hàn Cường', '2022-09-08 18:41:29', 'Đinh Hà Tuấn', '2022-09-05 10:21:47', '2022-09-03 00:03:59', 3500000.0000),
('4efc95ad-2cc2-3f45-bed2-89b22d10517e', 'TS160', 'Mercedes-benz Chiron Super Sport', '4e272fc4-7875-78d6-7d32-6a1673ffca7c', '148ed882-32b8-218e-9c20-39c2f00615e8', '2022-09-11 03:06:32', 59000000.0000, 37, 1, 2022, 1, 'Võ Nhu Minh', '2022-09-08 19:19:15', 'Nguyễn Diệp Tuấn', '2022-09-08 14:46:13', '2022-09-05 22:01:43', 1900000.0000),
('4f65f6c1-4525-16e5-4135-0028ed526dd0', 'TS250', 'Lexus Martin Vulcan', '469b3ece-744a-45d5-957d-e8c757976496', '3b86d2ed-446c-5fce-56be-406293204378', '2022-09-11 07:28:59', 58000000.0000, 7, 1, 2022, 1, 'ĐÕ Nhất Tuấn', '2022-09-06 22:02:09', 'Lê Diệp Tuấn', '2022-09-03 06:11:41', '2022-09-03 00:10:08', 4200000.0000),
('4f6e3234-1da4-7273-c7d2-89b22d10517e', 'TS136', 'Ferrari Sian', '469b3ece-744a-45d5-957d-e8c757976496', '148ed882-32b8-218e-9c20-39c2f00615e8', '2022-09-11 02:01:22', 19000000.0000, 12, 1, 2022, 1, 'Phạm Văn Thái', '2022-09-03 00:00:09', 'Vũ Yên Bằng', '2022-09-08 07:05:09', '2022-09-04 03:27:52', 9200000.0000),
('506acf1e-5331-67a9-0d77-d9ebc53aac3d', 'TS185', 'Mercedes-benz Zenvo TS1 GT', '142cb08f-7c31-21fa-8e90-67245e8b283e', '3b86d2ed-446c-5fce-56be-406293204378', '2022-09-11 01:19:23', 38000000.0000, 17, 1, 2022, 1, 'Diệp Thu Tuấn', '2022-09-04 03:48:21', 'Võ Thu Cường', '2022-09-03 00:00:09', '2022-09-03 06:16:17', 8000000.0000),
('50b49b1f-3df8-4b52-db1d-086412a8ea97', 'TS110', 'Mercedes-benz Koenigsegg One', '4e272fc4-7875-78d6-7d32-6a1673ffca7c', '3b86d2ed-446c-5fce-56be-406293204378', '2022-09-11 12:23:41', 74000000.0000, 9, 1, 2022, 1, 'Phan Hàn Mạnh', '2022-09-04 19:44:05', 'Nguyễn Nại Thanh', '2022-09-08 14:45:42', '2022-09-03 00:00:09', 5000000.0000),
('50c07587-55d5-5b36-1b77-d9ebc53aac3d', 'TS246', 'Samsung Chiron Pur Sport', '142cb08f-7c31-21fa-8e90-67245e8b283e', '3700cc49-55b5-69ea-4929-a2925c0f334d', '2022-09-11 09:14:37', 42000000.0000, 31, 1, 2022, 1, 'Trương Nại Cường', '2022-09-08 09:57:14', 'Lê Chi Ngọc', '2022-09-03 00:06:57', '2022-09-06 00:27:44', 8900000.0000),
('5163ba6d-4e5a-4043-df1d-086412a8ea97', 'TS140', 'Audi McLaren Speedtail', '142cb08f-7c31-21fa-8e90-67245e8b283e', '3700cc49-55b5-69ea-4929-a2925c0f334d', '2022-09-11 17:01:00', 24000000.0000, 32, 1, 2022, 1, 'Võ Chi Mạnh', '2022-09-07 02:44:19', 'Lý Hà Bằng', '2022-09-08 22:53:03', '2022-09-07 02:59:02', 4600000.0000),
('517035f8-43a9-4c59-72f6-423b4e874d0f', 'TS193', 'Porsche Huayra BC', '17120d02-6ab5-3e43-18cb-66948daf6128', '3b86d2ed-446c-5fce-56be-406293204378', '2022-09-11 20:15:12', 85000000.0000, 7, 1, 2022, 1, 'Diệp Văn Cường', '2022-09-07 11:09:26', 'Dương Tô Thành', '2022-09-03 00:00:36', '2022-09-06 16:05:14', 2900000.0000),
('51b5ac10-6dea-17ad-2080-de64d090a2c2', 'TS058', 'Aprilia Ferrari LaFerrari', '17120d02-6ab5-3e43-18cb-66948daf6128', '354f1b13-17bf-1b52-87d5-ba100c6f7bce', '2022-09-11 05:45:58', 81000000.0000, 46, 1, 2022, 1, 'Nguyễn Tiếu Hoàng', '2022-09-03 09:11:20', 'Trương Nhu Trường', '2022-09-03 00:00:01', '2022-09-08 08:05:30', 9900000.0000),
('51c6e7d3-53bf-49ae-8a41-c1ec321fe728', 'TS225', 'Laptop ', '4e272fc4-7875-78d6-7d32-6a1673ffca7c', '354f1b13-17bf-1b52-87d5-ba100c6f7bce', '2022-09-11 03:39:55', 29000000.0000, 9, 1, 2022, 1, 'Nguyễn Yên Ngọc', '2022-09-03 01:38:35', 'Vũ Tiếu Cường', '2022-09-07 06:50:17', '2022-09-04 13:40:45', 1300000.0000),
('524751f2-1577-523d-ce1d-086412a8ea97', 'TS028', 'Samsung Ferrari LaFerrari', '142cb08f-7c31-21fa-8e90-67245e8b283e', '354f1b13-17bf-1b52-87d5-ba100c6f7bce', '2022-09-11 21:45:22', 80000000.0000, 29, 1, 2022, 1, 'ĐÕ Diệp Thanh', '2022-09-04 11:06:12', 'Nguyễn Hà Thành', '2022-09-04 18:13:52', '2022-09-06 00:42:22', 5600000.0000),
('5254e49d-4368-3162-29c2-579daad24557', 'TS257', 'Bentley Huayra Imola', '4e272fc4-7875-78d6-7d32-6a1673ffca7c', '25c6c36e-1668-7d10-6e09-bf1378b8dc91', '2022-09-11 15:30:07', 71000000.0000, 17, 1, 2022, 1, 'Phạm Tiếu Trường', '2022-09-06 22:29:02', 'Trịnh Mộc Hoàng', '2022-09-03 00:00:02', '2022-09-07 21:54:21', 3000000.0000),
('527e293c-2185-6d0a-5580-7ed9d1ea06ea', 'TS083', 'BMW Rolls Royce Sweptail', '469b3ece-744a-45d5-957d-e8c757976496', '1b691e79-236d-5b5a-9d20-39c2f00615e8', '2022-09-11 11:36:12', 18000000.0000, 49, 1, 2022, 1, 'Bùi Nhất Anh', '2022-09-03 00:00:03', 'Trân Hà Trường', '2022-09-08 13:10:25', '2022-09-03 00:01:25', 7100000.0000),
('52a36f9d-42d4-6841-38c2-579daad24557', 'TS009', 'Samsung CCXR Trevita', '4e272fc4-7875-78d6-7d32-6a1673ffca7c', '3b86d2ed-446c-5fce-56be-406293204378', '2022-09-11 00:28:36', 91000000.0000, 23, 1, 2022, 1, 'Vũ Thu Trường', '2022-09-03 16:21:09', 'Trịnh Chi Cường', '2022-09-04 02:10:49', '2022-09-05 10:04:11', NULL),
('535ddd98-1493-7909-1e80-de64d090a2c2', 'TS103', 'Samsung ', '4e272fc4-7875-78d6-7d32-6a1673ffca7c', '148ed882-32b8-218e-9c20-39c2f00615e8', '2022-09-11 06:17:29', 60000000.0000, 7, 1, 2022, 1, 'Trương Nhất Tuấn', '2022-09-08 14:50:16', 'Bùi Tiếu Thành', '2022-09-05 19:34:20', '2022-09-07 23:13:00', 1900000.0000),
('5440d89a-638d-5382-47c2-579daad24557', 'TS284', 'Yamaha Huayra BC', '142cb08f-7c31-21fa-8e90-67245e8b283e', '3700cc49-55b5-69ea-4929-a2925c0f334d', '2022-09-11 15:19:16', 78000000.0000, 42, 1, 2022, 1, 'Đinh Nhất Tuấn', '2022-09-08 14:23:40', 'Vũ Tô Hiếu', '2022-09-03 00:01:04', '2022-09-04 18:16:27', 5500000.0000),
('56249d42-1aee-20b3-3fc2-579daad24557', 'TS108', 'GPX Racing F60 Mỹ', '17120d02-6ab5-3e43-18cb-66948daf6128', '3700cc49-55b5-69ea-4929-a2925c0f334d', '2022-09-11 07:21:07', 85000000.0000, 7, 1, 2022, 1, 'Lê Song Mạnh', '2022-09-04 04:49:07', 'Phạm Nhất Hiếu', '2022-09-06 14:35:18', '2022-09-03 13:05:48', 7700000.0000),
('56313fc9-7b84-1517-3080-de64d090a2c2', 'TS016', 'Ducati Pininfarina Sergio', '469b3ece-744a-45d5-957d-e8c757976496', '25c6c36e-1668-7d10-6e09-bf1378b8dc91', '2022-09-11 12:51:50', 85000000.0000, 8, 1, 2022, 1, 'Bùi Thu Hiếu', '2022-09-08 14:49:56', 'Lê Nại Thanh', '2022-09-03 20:05:28', '2022-09-07 00:29:06', 8000000.0000),
('564127b8-58f3-46f3-7df6-423b4e874d0f', 'TS264', 'Ducati Sesto Elemento ', '17120d02-6ab5-3e43-18cb-66948daf6128', '3b86d2ed-446c-5fce-56be-406293204378', '2022-09-11 23:45:58', 87000000.0000, 4, 1, 2022, 1, 'Nguyễn Song Minh', '2022-09-03 00:29:22', 'Dương Diệp Thanh', '2022-09-04 20:27:33', '2022-09-05 19:21:47', 4400000.0000),
('5697b103-5179-7ac3-d31d-086412a8ea97', 'TS056', 'Lexus Divo', '469b3ece-744a-45d5-957d-e8c757976496', '1b691e79-236d-5b5a-9d20-39c2f00615e8', '2022-09-11 13:38:26', 93000000.0000, 22, 1, 2022, 1, 'Trân Nhất Hiếu', '2022-09-05 09:04:46', 'Đặng Mộc Tuấn', '2022-09-06 18:17:28', '2022-09-03 17:45:32', 9200000.0000),
('56aaf263-3355-23ea-b8d2-89b22d10517e', 'TS184', 'Iphone Martin Valkyrie', '4e272fc4-7875-78d6-7d32-6a1673ffca7c', '1b691e79-236d-5b5a-9d20-39c2f00615e8', '2022-09-11 09:21:41', 20000000.0000, 45, 1, 2022, 1, 'Vũ Tranh Trường', '2022-09-05 14:35:53', 'Huỳnh Yên Ngọc', '2022-09-03 00:00:07', '2022-09-06 15:13:03', 8100000.0000),
('56dce332-76f0-6b9b-5080-7ed9d1ea06ea', 'TS274', 'Bentley Chiron Pur Sport', '469b3ece-744a-45d5-957d-e8c757976496', '3b86d2ed-446c-5fce-56be-406293204378', '2022-09-11 04:51:43', 35000000.0000, 41, 1, 2022, 1, 'Võ Diệp Cường', '2022-09-03 00:08:32', 'Trịnh Yên Trường', '2022-09-06 12:15:58', '2022-09-06 06:01:35', 4100000.0000),
('57cdf8c4-47e3-5560-7e41-c1ec321fe728', 'TS200', 'Iphone Rolls Royce Sweptail', '17120d02-6ab5-3e43-18cb-66948daf6128', '3700cc49-55b5-69ea-4929-a2925c0f334d', '2022-09-11 20:17:57', 79000000.0000, 12, 1, 2022, 1, 'Phạm Hàn Thuận', '2022-09-03 01:10:22', 'Hồ Văn Hoàng', '2022-09-03 00:00:07', '2022-09-07 18:14:15', 5500000.0000),
('57d4e925-6e28-208d-9741-c1ec321fe728', 'TS275', 'Kawasaki La Voiture Noire', '17120d02-6ab5-3e43-18cb-66948daf6128', '1b691e79-236d-5b5a-9d20-39c2f00615e8', '2022-09-11 00:00:04', 51000000.0000, 25, 1, 2022, 1, 'Trương Chi Trường', '2022-09-03 03:33:14', 'Ngô Tô Hiếu', '2022-09-04 12:43:54', '2022-09-03 00:55:03', 2000000.0000),
('57dc4273-5c51-4aea-4d35-0028ed526dd0', 'TS041', 'GPX Racing Sian', '142cb08f-7c31-21fa-8e90-67245e8b283e', '3b86d2ed-446c-5fce-56be-406293204378', '2022-09-11 21:13:59', 82000000.0000, 5, 1, 2022, 1, 'Lê Võ Tuấn', '2022-09-04 22:10:26', 'ĐÕ Nại Thành', '2022-09-05 23:48:51', '2022-09-04 10:36:41', 1400000.0000),
('57e65423-37f0-74b0-71f6-423b4e874d0f', 'TS268', 'Mercedes-benz McLaren P1', '4e272fc4-7875-78d6-7d32-6a1673ffca7c', '148ed882-32b8-218e-9c20-39c2f00615e8', '2022-09-11 01:54:40', 16000000.0000, 10, 1, 2022, 1, 'Huỳnh Tranh Ngọc', '2022-09-05 22:02:00', 'Ngô Yên Cường', '2022-09-07 05:37:30', '2022-09-05 08:23:51', 2500000.0000),
('58afd6b5-2205-64f6-9341-c1ec321fe728', 'TS281', 'Laptop Martin Valkyrie', '142cb08f-7c31-21fa-8e90-67245e8b283e', '3b86d2ed-446c-5fce-56be-406293204378', '2022-09-11 02:06:23', 87000000.0000, 4, 1, 2022, 1, 'Đinh Hà Thuận', '2022-09-03 15:32:46', 'Lý Tranh Thành', '2022-09-03 00:03:46', '2022-09-03 00:02:34', 2200000.0000),
('58e49fff-2a42-4ce7-1c77-d9ebc53aac3d', 'TS181', 'Iphone LaFerrari Aperta', '4e272fc4-7875-78d6-7d32-6a1673ffca7c', '148ed882-32b8-218e-9c20-39c2f00615e8', '2022-09-11 19:18:02', 50000000.0000, 44, 1, 2022, 1, 'Lý Chi Minh', '2022-09-03 11:12:06', 'Phan Song Hiếu', '2022-09-03 00:00:06', '2022-09-03 00:00:04', 6500000.0000),
('592aba45-4643-52ff-c1d2-89b22d10517e', 'TS025', 'Bentley F60 Mỹ', '17120d02-6ab5-3e43-18cb-66948daf6128', '25c6c36e-1668-7d10-6e09-bf1378b8dc91', '2022-09-11 04:03:53', 83000000.0000, 16, 1, 2022, 1, 'Ngô Mộc Hiếu', '2022-09-03 00:00:49', 'Hoàng Hà Tuấn', '2022-09-03 02:44:16', '2022-09-03 01:27:22', 6300000.0000),
('5957cf32-7c84-1987-1635-60b3ebf808a9', 'TS192', 'MV Agusta Huayra BC', '17120d02-6ab5-3e43-18cb-66948daf6128', '3700cc49-55b5-69ea-4929-a2925c0f334d', '2022-09-11 00:04:28', 27000000.0000, 1, 1, 2022, 1, 'Bùi Thu Mạnh', '2022-09-03 00:10:59', 'Phan Thu Thành', '2022-09-03 01:42:51', '2022-09-07 14:10:55', 1400000.0000),
('595e7d51-318c-39e8-1377-d9ebc53aac3d', 'TS166', 'Mercedes-benz Ferrari LaFerrari', '142cb08f-7c31-21fa-8e90-67245e8b283e', '3700cc49-55b5-69ea-4929-a2925c0f334d', '2022-09-11 05:10:38', 80000000.0000, 19, 1, 2022, 1, 'Lý Tranh Mạnh', '2022-09-03 21:49:35', 'Ngô Yên Thái', '2022-09-08 16:12:13', '2022-09-03 00:01:36', 9200000.0000),
('59a2f614-253e-1202-6480-7ed9d1ea06ea', 'TS014', 'Kawasaki Sesto Elemento ', '4e272fc4-7875-78d6-7d32-6a1673ffca7c', '25c6c36e-1668-7d10-6e09-bf1378b8dc91', '2022-09-11 00:01:11', 94000000.0000, 15, 1, 2022, 1, 'Trương Hà Tuấn', '2022-09-03 03:28:46', 'Võ Yên Mạnh', '2022-09-07 06:40:03', '2022-09-06 16:51:33', 8600000.0000),
('5a841b92-791c-78df-5180-7ed9d1ea06ea', 'TS222', 'MV Agusta CCXR Trevita', '469b3ece-744a-45d5-957d-e8c757976496', '3b86d2ed-446c-5fce-56be-406293204378', '2022-09-11 00:21:09', 78000000.0000, 41, 1, 2022, 1, 'Bùi Tranh Anh', '2022-09-03 01:37:34', 'Phan Tiếu Ngọc', '2022-09-03 00:00:54', '2022-09-05 23:05:38', 3100000.0000),
('5b92dd14-27d6-12d0-0e35-60b3ebf808a9', 'TS270', 'Yamaha F60 Mỹ', '142cb08f-7c31-21fa-8e90-67245e8b283e', '354f1b13-17bf-1b52-87d5-ba100c6f7bce', '2022-09-11 00:58:49', 64000000.0000, 9, 1, 2022, 1, 'Phan Chi Anh', '2022-09-05 11:57:23', 'Trân Tô Thuận', '2022-09-06 08:44:38', '2022-09-08 18:27:59', 7200000.0000),
('5c762b70-6ca3-4343-2880-de64d090a2c2', 'TS241', 'Audi Chiron Pur Sport', '4e272fc4-7875-78d6-7d32-6a1673ffca7c', '354f1b13-17bf-1b52-87d5-ba100c6f7bce', '2022-09-11 00:00:36', 70000000.0000, 28, 1, 2022, 1, 'ĐÕ Nại Tuấn', '2022-09-05 11:46:13', 'Hoàng Hà Mạnh', '2022-09-03 00:00:24', '2022-09-07 15:51:54', 1100000.0000),
('5c7f0ec4-77f2-3794-cf1d-086412a8ea97', 'TS169', 'Aprilia HP Barchetta', '142cb08f-7c31-21fa-8e90-67245e8b283e', '3b86d2ed-446c-5fce-56be-406293204378', '2022-09-11 00:14:28', 66000000.0000, 33, 1, 2022, 1, 'Trương Diệp Tuấn', '2022-09-06 16:13:16', 'Hồ Diệp Minh', '2022-09-03 13:39:45', '2022-09-05 21:43:17', 4100000.0000),
('5c85f9f2-1de1-4f0a-3e35-0028ed526dd0', 'TS182', 'Ferrari Ferrari LaFerrari', '17120d02-6ab5-3e43-18cb-66948daf6128', '25c6c36e-1668-7d10-6e09-bf1378b8dc91', '2022-09-11 19:29:19', 82000000.0000, 45, 1, 2022, 1, 'Ngô Tranh Trường', '2022-09-06 17:47:50', 'Hồ Toàn Tuấn', '2022-09-04 12:43:49', '2022-09-08 03:14:09', 5100000.0000),
('5cc649e9-60e1-5050-5435-0028ed526dd0', 'TS069', 'Iphone Chiron Super Sport', '142cb08f-7c31-21fa-8e90-67245e8b283e', '25c6c36e-1668-7d10-6e09-bf1378b8dc91', '2022-09-11 00:00:54', 74000000.0000, 3, 1, 2022, 1, 'Lê Văn Bằng', '2022-09-05 21:57:55', 'Nguyễn Nhất Anh', '2022-09-03 01:40:33', '2022-09-03 00:16:22', 7000000.0000),
('5de704c2-573f-1a71-1a80-de64d090a2c2', 'TS092', 'Aprilia Centodieci ', '142cb08f-7c31-21fa-8e90-67245e8b283e', '148ed882-32b8-218e-9c20-39c2f00615e8', '2022-09-11 00:00:07', 20000000.0000, 30, 1, 2022, 1, 'ĐÕ Nhu Hiếu', '2022-09-08 18:04:02', 'ĐÕ Tiếu Tuấn', '2022-09-05 07:12:32', '2022-09-03 21:44:50', 2800000.0000),
('5e07660f-437a-6b63-4ac2-579daad24557', 'TS248', 'Iphone F60 Mỹ', '4e272fc4-7875-78d6-7d32-6a1673ffca7c', '3700cc49-55b5-69ea-4929-a2925c0f334d', '2022-09-11 21:39:09', 28000000.0000, 1, 1, 2022, 1, 'Đinh Tiếu Thái', '2022-09-03 00:12:23', 'Trương Tô Hoàng', '2022-09-03 13:59:18', '2022-09-03 17:31:51', 4000000.0000),
('5eaa6527-768d-3ae7-1977-d9ebc53aac3d', 'TS168', 'BMW Huayra Imola', '4e272fc4-7875-78d6-7d32-6a1673ffca7c', '3b86d2ed-446c-5fce-56be-406293204378', '2022-09-11 15:50:18', 54000000.0000, 1, 1, 2022, 1, 'Phan Toàn Thái', '2022-09-03 18:27:33', 'Lý Chi Mạnh', '2022-09-05 15:50:06', '2022-09-03 08:53:59', 2800000.0000),
('5edb2be2-7849-4909-c2d2-89b22d10517e', 'TS265', 'Lexus ', '469b3ece-744a-45d5-957d-e8c757976496', '354f1b13-17bf-1b52-87d5-ba100c6f7bce', '2022-09-11 00:00:05', 93000000.0000, 9, 1, 2022, 1, 'Hoàng Văn Bằng', '2022-09-06 21:59:42', 'Trân Yên Hương', '2022-09-06 17:04:44', '2022-09-04 21:53:57', 9600000.0000),
('5f03d745-7702-1c85-2bc2-579daad24557', 'TS061', 'Harley-Davidson McLaren P1', '142cb08f-7c31-21fa-8e90-67245e8b283e', '25c6c36e-1668-7d10-6e09-bf1378b8dc91', '2022-09-11 09:15:33', 60000000.0000, 25, 1, 2022, 1, 'Đinh Yên Ngọc', '2022-09-03 05:33:12', 'Diệp Yên Trường', '2022-09-03 00:05:05', '2022-09-03 00:07:49', 6500000.0000),
('5f4b1d0a-247b-7049-4435-0028ed526dd0', 'TS078', 'Harley-Davidson McLaren P1 LM', '4e272fc4-7875-78d6-7d32-6a1673ffca7c', '1b691e79-236d-5b5a-9d20-39c2f00615e8', '2022-09-11 00:00:07', 42000000.0000, 29, 1, 2022, 1, 'Huỳnh Toàn Thuận', '2022-09-07 10:54:58', 'Trương Nại Anh', '2022-09-03 00:00:50', '2022-09-03 07:16:44', 6300000.0000),
('5fab4ff7-1b8e-64d0-1880-de64d090a2c2', 'TS038', 'Laptop Chiron Super Sport', '142cb08f-7c31-21fa-8e90-67245e8b283e', '354f1b13-17bf-1b52-87d5-ba100c6f7bce', '2022-09-11 21:30:50', 60000000.0000, 22, 1, 2022, 1, 'Đặng Yên Mạnh', '2022-09-03 00:21:24', 'Phan Yên Trường', '2022-09-05 02:12:00', '2022-09-03 09:19:44', 7400000.0000),
('5fb9392a-4ad5-1fe7-76f6-423b4e874d0f', 'TS022', 'Aprilia Rolls Royce Sweptail', '17120d02-6ab5-3e43-18cb-66948daf6128', '148ed882-32b8-218e-9c20-39c2f00615e8', '2022-09-11 19:34:23', 28000000.0000, 7, 1, 2022, 1, 'Ngô Văn Cường', '2022-09-05 19:13:08', 'Lý Võ Tuấn', '2022-09-08 02:46:14', '2022-09-03 18:09:19', 3500000.0000),
('5fd0a411-5945-70f7-4a35-0028ed526dd0', 'TS019', 'Bentley HP Barchetta', '469b3ece-744a-45d5-957d-e8c757976496', '1b691e79-236d-5b5a-9d20-39c2f00615e8', '2022-09-11 21:05:38', 67000000.0000, 23, 1, 2022, 1, 'Trương Hà Minh', '2022-09-08 01:08:39', 'Diệp Chi Hoàng', '2022-09-04 05:25:15', '2022-09-06 02:39:17', NULL),
('60b57ac2-2e01-384d-2980-de64d090a2c2', 'TS146', 'Mercedes-benz Chiron Pur Sport', '4e272fc4-7875-78d6-7d32-6a1673ffca7c', '1b691e79-236d-5b5a-9d20-39c2f00615e8', '2022-09-11 19:31:09', 12000000.0000, 16, 1, 2022, 1, 'Lý Song Bằng', '2022-09-08 17:51:04', 'Trương Nại Cường', '2022-09-03 00:10:41', '2022-09-06 21:16:56', 3500000.0000),
('60fa924e-77de-55f3-2377-d9ebc53aac3d', 'TS063', 'Bentley Ferrari LaFerrari', '17120d02-6ab5-3e43-18cb-66948daf6128', '3b86d2ed-446c-5fce-56be-406293204378', '2022-09-11 03:30:34', 39000000.0000, 19, 1, 2022, 1, 'Hoàng Tiếu Thái', '2022-09-05 09:07:53', 'Nguyễn Hà Bằng', '2022-09-04 15:59:31', '2022-09-03 00:00:05', NULL),
('611bb57c-5f6c-434c-c5d2-89b22d10517e', 'TS024', 'Triumph Rolls Royce Sweptail', '469b3ece-744a-45d5-957d-e8c757976496', '3700cc49-55b5-69ea-4929-a2925c0f334d', '2022-09-11 00:45:33', 98000000.0000, 46, 1, 2022, 1, 'Đinh Toàn Tuấn', '2022-09-05 19:08:02', 'ĐÕ Tiếu Cường', '2022-09-06 01:57:18', '2022-09-07 17:55:43', 8000000.0000),
('613afd47-2fc1-15ed-0735-60b3ebf808a9', 'TS021', 'Yamaha Sian', '469b3ece-744a-45d5-957d-e8c757976496', '1b691e79-236d-5b5a-9d20-39c2f00615e8', '2022-09-11 00:00:06', 29000000.0000, 50, 1, 2022, 1, 'Lê Tiếu Anh', '2022-09-03 17:17:27', 'Trân Diệp Thành', '2022-09-05 15:10:28', '2022-09-05 10:03:39', NULL),
('619ecbc4-37bc-19ea-6ff6-423b4e874d0f', 'TS276', 'Porsche McLaren Speedtail', '17120d02-6ab5-3e43-18cb-66948daf6128', '354f1b13-17bf-1b52-87d5-ba100c6f7bce', '2022-09-11 00:01:31', 43000000.0000, 26, 1, 2022, 1, 'ĐÕ Toàn Trường', '2022-09-06 01:31:33', 'Diệp Hà Anh', '2022-09-04 06:54:00', '2022-09-03 00:01:15', 9600000.0000),
('61cc168f-3524-218a-2b80-de64d090a2c2', 'TS070', 'Porsche Koenigsegg One', '4e272fc4-7875-78d6-7d32-6a1673ffca7c', '3b86d2ed-446c-5fce-56be-406293204378', '2022-09-11 00:00:04', 25000000.0000, 39, 1, 2022, 1, 'Trân Văn Thành', '2022-09-03 18:02:22', 'Võ Thu Cường', '2022-09-03 09:56:57', '2022-09-05 04:56:47', NULL),
('623727c0-4fb7-573d-c3d2-89b22d10517e', 'TS261', 'Porsche Chiron Pur Sport', '4e272fc4-7875-78d6-7d32-6a1673ffca7c', '148ed882-32b8-218e-9c20-39c2f00615e8', '2022-09-11 15:15:28', 96000000.0000, 41, 1, 2022, 1, 'Hoàng Diệp Bằng', '2022-09-06 16:30:48', 'Trân Võ Thanh', '2022-09-03 20:52:34', '2022-09-03 05:21:14', 2100000.0000),
('62563348-7bd5-6519-3c35-0028ed526dd0', 'TS260', 'Samsung Martin Vulcan', '142cb08f-7c31-21fa-8e90-67245e8b283e', '148ed882-32b8-218e-9c20-39c2f00615e8', '2022-09-11 21:17:36', 14000000.0000, 5, 1, 2022, 1, 'Đặng Nại Thuận', '2022-09-03 12:13:56', 'Vũ Tiếu Bằng', '2022-09-04 14:51:21', '2022-09-08 13:30:15', 2800000.0000),
('62af2231-78a7-7caa-cd1d-086412a8ea97', 'TS286', 'Laptop Divo', '4e272fc4-7875-78d6-7d32-6a1673ffca7c', '354f1b13-17bf-1b52-87d5-ba100c6f7bce', '2022-09-11 00:38:06', 73000000.0000, 14, 1, 2022, 1, 'Dương Tô Trường', '2022-09-05 19:38:02', 'Võ Văn Cường', '2022-09-05 00:05:41', '2022-09-03 22:59:46', 1900000.0000),
('6349b25b-78e2-2d06-2780-de64d090a2c2', 'TS034', 'Ducati Hypersport', '4e272fc4-7875-78d6-7d32-6a1673ffca7c', '25c6c36e-1668-7d10-6e09-bf1378b8dc91', '2022-09-11 14:49:11', 54000000.0000, 27, 1, 2022, 1, 'Trịnh Hà Trường', '2022-09-03 00:26:58', 'Trân Văn Mạnh', '2022-09-07 16:37:05', '2022-09-06 13:54:46', 4200000.0000),
('6385cdf4-650b-6946-7cf6-423b4e874d0f', 'TS129', 'Triumph LaFerrari Aperta', '17120d02-6ab5-3e43-18cb-66948daf6128', '25c6c36e-1668-7d10-6e09-bf1378b8dc91', '2022-09-11 00:01:52', 36000000.0000, 44, 1, 2022, 1, 'Diệp Chi Thanh', '2022-09-03 00:00:53', 'Trân Văn Anh', '2022-09-07 08:17:24', '2022-09-08 05:39:47', NULL),
('6399a2a5-2afd-3384-da1d-086412a8ea97', 'TS105', 'Bentley CCXR Trevita', '469b3ece-744a-45d5-957d-e8c757976496', '3b86d2ed-446c-5fce-56be-406293204378', '2022-09-11 06:53:45', 76000000.0000, 24, 1, 2022, 1, 'Trương Diệp Hiếu', '2022-09-03 00:00:09', 'Trịnh Thu Tuấn', '2022-09-03 01:41:18', '2022-09-05 21:49:23', 8900000.0000),
('6485b64f-7835-65a4-8041-c1ec321fe728', 'TS157', 'Lamborghini Sesto Elemento ', '142cb08f-7c31-21fa-8e90-67245e8b283e', '25c6c36e-1668-7d10-6e09-bf1378b8dc91', '2022-09-11 00:01:02', 52000000.0000, 40, 1, 2022, 1, 'Vũ Chi Tuấn', '2022-09-07 16:16:27', 'Trân Nhu Tuấn', '2022-09-06 16:06:20', '2022-09-07 03:16:22', 3200000.0000),
('65334c99-4eec-773c-2c77-d9ebc53aac3d', 'TS104', 'Triumph Sian', '469b3ece-744a-45d5-957d-e8c757976496', '25c6c36e-1668-7d10-6e09-bf1378b8dc91', '2022-09-11 14:33:36', 44000000.0000, 36, 1, 2022, 1, 'Hồ Nhu Hiếu', '2022-09-07 06:11:19', 'Nguyễn Tranh Cường', '2022-09-03 22:39:15', '2022-09-03 00:07:00', 1400000.0000),
('65ecf5c2-5298-156e-d51d-086412a8ea97', 'TS079', 'Lamborghini Koenigsegg One', '469b3ece-744a-45d5-957d-e8c757976496', '25c6c36e-1668-7d10-6e09-bf1378b8dc91', '2022-09-11 00:00:10', 81000000.0000, 9, 1, 2022, 1, 'Đặng Văn Cường', '2022-09-05 16:45:48', 'Võ Thu Thái', '2022-09-03 05:16:38', '2022-09-03 05:03:45', 5700000.0000),
('66ef0b11-1892-1443-1877-d9ebc53aac3d', 'TS242', 'Aprilia Ferrari FXX K', '469b3ece-744a-45d5-957d-e8c757976496', '148ed882-32b8-218e-9c20-39c2f00615e8', '2022-09-11 04:17:59', 17000000.0000, 42, 1, 2022, 1, 'Trịnh Hà Bằng', '2022-09-06 18:37:08', 'ĐÕ Nhu Hoàng', '2022-09-03 00:00:02', '2022-09-03 00:02:27', 9000000.0000),
('677132b4-2a33-68d1-26c2-579daad24557', 'TS087', 'Aprilia McLaren P1 LM', '469b3ece-744a-45d5-957d-e8c757976496', '25c6c36e-1668-7d10-6e09-bf1378b8dc91', '2022-09-11 15:26:32', 89000000.0000, 39, 1, 2022, 1, 'Lý Tiếu Tuấn', '2022-09-03 07:44:53', 'Võ Hà Tuấn', '2022-09-03 00:00:01', '2022-09-03 00:54:14', 6600000.0000),
('67e3818b-56b7-4eb0-5c80-7ed9d1ea06ea', 'TS011', 'Iphone Centodieci ', '142cb08f-7c31-21fa-8e90-67245e8b283e', '1b691e79-236d-5b5a-9d20-39c2f00615e8', '2022-09-11 00:00:41', 58000000.0000, 14, 1, 2022, 1, 'Đặng Diệp Thành', '2022-09-03 23:26:45', 'Đinh Văn Thanh', '2022-09-06 22:26:29', '2022-09-05 05:10:04', 2300000.0000),
('68c6083a-3e64-63ed-49c2-579daad24557', 'TS151', 'Ferrari Sesto Elemento ', '4e272fc4-7875-78d6-7d32-6a1673ffca7c', '3b86d2ed-446c-5fce-56be-406293204378', '2022-09-11 04:15:00', 12000000.0000, 1, 1, 2022, 1, 'Đinh Yên Anh', '2022-09-04 04:36:04', 'Bùi Mộc Trường', '2022-09-08 15:24:56', '2022-09-03 00:00:25', 8700000.0000),
('6a50ecc3-384e-2a54-2177-d9ebc53aac3d', 'TS082', 'Kawasaki Zenvo TS1 GT', '469b3ece-744a-45d5-957d-e8c757976496', '1b691e79-236d-5b5a-9d20-39c2f00615e8', '2022-09-11 17:08:38', 63000000.0000, 45, 1, 2022, 1, 'Bùi Yên Anh', '2022-09-03 00:00:54', 'Lê Võ Mạnh', '2022-09-06 23:32:29', '2022-09-07 18:01:58', 3600000.0000),
('6a763a51-4322-5c5a-b5d2-89b22d10517e', 'TS228', 'Suzuki Koenigsegg One', '4e272fc4-7875-78d6-7d32-6a1673ffca7c', '3700cc49-55b5-69ea-4929-a2925c0f334d', '2022-09-11 12:18:46', 79000000.0000, 34, 1, 2022, 1, 'Lý Song Trường', '2022-09-04 18:54:06', 'Võ Tô Mạnh', '2022-09-05 05:04:03', '2022-09-03 11:00:37', 2600000.0000),
('6b003232-3bbd-7f5b-2f77-d9ebc53aac3d', 'TS279', 'Iphone ', '17120d02-6ab5-3e43-18cb-66948daf6128', '1b691e79-236d-5b5a-9d20-39c2f00615e8', '2022-09-11 00:00:04', 79000000.0000, 6, 1, 2022, 1, 'Vũ Toàn Thành', '2022-09-06 01:14:40', 'Lê Diệp Minh', '2022-09-03 00:00:07', '2022-09-03 00:00:01', 7200000.0000),
('6b12b154-39d3-1a5b-2280-de64d090a2c2', 'TS244', 'Harley-Davidson F60 Mỹ', '4e272fc4-7875-78d6-7d32-6a1673ffca7c', '3b86d2ed-446c-5fce-56be-406293204378', '2022-09-11 17:20:10', 72000000.0000, 1, 1, 2022, 1, 'Đinh Tô Mạnh', '2022-09-04 20:53:29', 'Võ Hàn Thanh', '2022-09-05 15:54:26', '2022-09-03 00:00:46', 8600000.0000),
('6b3600cd-500f-4faf-5035-0028ed526dd0', 'TS003', 'Aprilia Chiron Pur Sport', '17120d02-6ab5-3e43-18cb-66948daf6128', '3700cc49-55b5-69ea-4929-a2925c0f334d', '2022-09-11 09:46:47', 62000000.0000, 32, 1, 2022, 1, 'Trịnh Toàn Bằng', '2022-09-03 00:06:23', 'Đặng Văn Trường', '2022-09-03 00:01:06', '2022-09-05 19:56:09', 4500000.0000),
('6b45cb9f-6de5-7a17-2d77-d9ebc53aac3d', 'TS148', 'Aprilia Pininfarina Sergio', '17120d02-6ab5-3e43-18cb-66948daf6128', '354f1b13-17bf-1b52-87d5-ba100c6f7bce', '2022-09-11 12:31:36', 67000000.0000, 9, 1, 2022, 1, 'Hồ Chi Ngọc', '2022-09-07 02:22:01', 'Đặng Yên Thuận', '2022-09-06 17:49:30', '2022-09-07 05:05:06', 3000000.0000),
('6b550b8f-7ff9-51bc-0f77-d9ebc53aac3d', 'TS215', 'Lamborghini HP Barchetta', '142cb08f-7c31-21fa-8e90-67245e8b283e', '1b691e79-236d-5b5a-9d20-39c2f00615e8', '2022-09-11 20:00:27', 68000000.0000, 5, 1, 2022, 1, 'Vũ Văn Anh', '2022-09-06 20:43:49', 'Đinh Tiếu Hiếu', '2022-09-05 02:08:31', '2022-09-05 12:58:44', 6400000.0000),
('6b76d607-7d60-38a2-5680-7ed9d1ea06ea', 'TS186', 'Mercedes-benz Rolls Royce Sweptail', '142cb08f-7c31-21fa-8e90-67245e8b283e', '354f1b13-17bf-1b52-87d5-ba100c6f7bce', '2022-09-11 05:04:43', 30000000.0000, 30, 1, 2022, 1, 'ĐÕ Võ Trường', '2022-09-03 00:00:45', 'Phạm Nhất Hương', '2022-09-07 09:51:46', '2022-09-03 00:00:04', NULL),
('6b9348f5-1362-7ba5-1235-60b3ebf808a9', 'TS285', 'Ferrari CCXR Trevita', '142cb08f-7c31-21fa-8e90-67245e8b283e', '3b86d2ed-446c-5fce-56be-406293204378', '2022-09-11 01:27:48', 85000000.0000, 26, 1, 2022, 1, 'Võ Diệp Trường', '2022-09-08 09:13:34', 'Lý Toàn Thái', '2022-09-06 13:08:08', '2022-09-08 17:48:23', 1200000.0000),
('6bb2a723-7c18-1df2-0b35-60b3ebf808a9', 'TS142', 'Aprilia LaFerrari Aperta', '469b3ece-744a-45d5-957d-e8c757976496', '354f1b13-17bf-1b52-87d5-ba100c6f7bce', '2022-09-11 17:48:03', 96000000.0000, 17, 1, 2022, 1, 'ĐÕ Nhất Thái', '2022-09-03 22:14:12', 'Bùi Nhất Anh', '2022-09-08 23:51:06', '2022-09-08 23:31:21', 9000000.0000),
('6c5b9fe7-14c9-3bb5-b4d2-89b22d10517e', 'TS065', 'Bentley McLaren P1', '142cb08f-7c31-21fa-8e90-67245e8b283e', '1b691e79-236d-5b5a-9d20-39c2f00615e8', '2022-09-11 11:50:54', 50000000.0000, 8, 1, 2022, 1, 'Lý Nhất Minh', '2022-09-03 00:00:06', 'Võ Mộc Hoàng', '2022-09-04 01:56:32', '2022-09-03 00:15:23', NULL),
('6c80a684-1cb5-41af-ff34-60b3ebf808a9', 'TS068', 'Bentley Ferrari FXX K', '469b3ece-744a-45d5-957d-e8c757976496', '3b86d2ed-446c-5fce-56be-406293204378', '2022-09-11 03:08:04', 28000000.0000, 24, 1, 2022, 1, 'Phạm Hàn Thanh', '2022-09-03 21:58:38', 'Vũ Nại Mạnh', '2022-09-03 00:31:40', '2022-09-06 11:39:42', 9200000.0000),
('6d489b13-7396-7986-1577-d9ebc53aac3d', 'TS100', 'MV Agusta Martin Vulcan', '17120d02-6ab5-3e43-18cb-66948daf6128', '148ed882-32b8-218e-9c20-39c2f00615e8', '2022-09-11 05:03:35', 73000000.0000, 1, 1, 2022, 1, 'Lê Văn Cường', '2022-09-03 11:52:31', 'Trương Nhu Tuấn', '2022-09-06 20:51:56', '2022-09-03 00:01:06', 8100000.0000),
('6d7def1b-4b7e-52aa-8f41-c1ec321fe728', 'TS121', 'Lexus Sesto Elemento ', '142cb08f-7c31-21fa-8e90-67245e8b283e', '148ed882-32b8-218e-9c20-39c2f00615e8', '2022-09-11 15:37:03', 67000000.0000, 30, 1, 2022, 1, 'Đinh Nhất Anh', '2022-09-03 02:44:10', 'Bùi Tranh Anh', '2022-09-08 17:09:48', '2022-09-08 02:38:17', 5400000.0000),
('6dcdb6b6-273a-6aaa-8541-c1ec321fe728', 'TS251', 'Porsche McLaren P1 LM', '142cb08f-7c31-21fa-8e90-67245e8b283e', '148ed882-32b8-218e-9c20-39c2f00615e8', '2022-09-11 01:38:40', 76000000.0000, 7, 1, 2022, 1, 'Huỳnh Tô Tuấn', '2022-09-03 11:50:31', 'Dương Thu Trường', '2022-09-06 23:27:21', '2022-09-06 12:25:12', 5800000.0000),
('6e3f7a8c-2f78-16a9-36c2-579daad24557', 'TS216', 'Ferrari Rolls Royce Sweptail', '4e272fc4-7875-78d6-7d32-6a1673ffca7c', '3700cc49-55b5-69ea-4929-a2925c0f334d', '2022-09-11 02:00:50', 88000000.0000, 33, 1, 2022, 1, 'Dương Chi Trường', '2022-09-06 04:05:33', 'Diệp Thu Ngọc', '2022-09-05 14:47:16', '2022-09-03 00:00:09', NULL),
('6e5bdc72-59a2-5141-7af6-423b4e874d0f', 'TS032', 'Ducati Koenigsegg One', '4e272fc4-7875-78d6-7d32-6a1673ffca7c', '354f1b13-17bf-1b52-87d5-ba100c6f7bce', '2022-09-11 08:11:03', 61000000.0000, 35, 1, 2022, 1, 'Lê Võ Ngọc', '2022-09-07 21:20:18', 'Trân Hà Trường', '2022-09-04 03:37:05', '2022-09-05 17:44:24', 6200000.0000),
('6e60b234-643f-288e-7ff6-423b4e874d0f', 'TS199', 'Aprilia La Voiture Noire', '17120d02-6ab5-3e43-18cb-66948daf6128', '25c6c36e-1668-7d10-6e09-bf1378b8dc91', '2022-09-11 01:28:31', 29000000.0000, 22, 1, 2022, 1, 'Võ Hàn Bằng', '2022-09-03 00:04:17', 'Lý Văn Thanh', '2022-09-03 00:01:04', '2022-09-05 00:19:51', 7100000.0000),
('6f1014db-2ff0-613b-bdd2-89b22d10517e', 'TS267', 'Samsung Koenigsegg One', '17120d02-6ab5-3e43-18cb-66948daf6128', '3b86d2ed-446c-5fce-56be-406293204378', '2022-09-11 00:27:32', 56000000.0000, 30, 1, 2022, 1, 'Vũ Nhất Mạnh', '2022-09-06 03:15:50', 'ĐÕ Nhất Thái', '2022-09-06 18:44:59', '2022-09-03 00:00:06', 7600000.0000),
('6f51ea57-13b2-139f-1177-d9ebc53aac3d', 'TS085', 'Triumph AMG One', '4e272fc4-7875-78d6-7d32-6a1673ffca7c', '148ed882-32b8-218e-9c20-39c2f00615e8', '2022-09-11 06:35:13', 10000000.0000, 9, 1, 2022, 1, 'Dương Hà Thuận', '2022-09-06 14:12:57', 'Đinh Hà Hoàng', '2022-09-06 22:37:51', '2022-09-08 13:16:59', 8300000.0000),
('707e1336-6584-55de-8341-c1ec321fe728', 'TS195', 'Ferrari F60 Mỹ', '142cb08f-7c31-21fa-8e90-67245e8b283e', '1b691e79-236d-5b5a-9d20-39c2f00615e8', '2022-09-11 00:01:29', 75000000.0000, 30, 1, 2022, 1, 'Trân Toàn Cường', '2022-09-05 17:49:04', 'Nguyễn Nhu Mạnh', '2022-09-05 16:45:00', '2022-09-03 00:00:02', 4400000.0000),
('70aead00-2db5-77f7-2277-d9ebc53aac3d', 'TS224', 'Samsung McLaren Speedtail', '4e272fc4-7875-78d6-7d32-6a1673ffca7c', '1b691e79-236d-5b5a-9d20-39c2f00615e8', '2022-09-11 19:14:11', 79000000.0000, 20, 1, 2022, 1, 'Phan Diệp Bằng', '2022-09-03 00:16:14', 'Trương Chi Thanh', '2022-09-04 02:48:40', '2022-09-07 21:02:42', 9900000.0000),
('721b7460-7378-2203-0435-60b3ebf808a9', 'TS149', 'Samsung AMG One', '469b3ece-744a-45d5-957d-e8c757976496', '1b691e79-236d-5b5a-9d20-39c2f00615e8', '2022-09-11 12:09:16', 20000000.0000, 29, 1, 2022, 1, 'Trịnh Tranh Thuận', '2022-09-03 00:43:04', 'Hồ Tiếu Anh', '2022-09-06 16:32:58', '2022-09-03 04:58:36', NULL),
('73dc79e1-1ccb-35a6-0235-60b3ebf808a9', 'TS048', 'Bentley Rolls Royce Sweptail', '17120d02-6ab5-3e43-18cb-66948daf6128', '3b86d2ed-446c-5fce-56be-406293204378', '2022-09-11 08:07:29', 54000000.0000, 13, 1, 2022, 1, 'ĐÕ Võ Bằng', '2022-09-03 02:03:38', 'Phan Diệp Trường', '2022-09-07 19:41:29', '2022-09-05 19:57:42', 5800000.0000),
('75ec2fe2-5965-48e6-9141-c1ec321fe728', 'TS176', 'Harley-Davidson La Voiture Noire', '17120d02-6ab5-3e43-18cb-66948daf6128', '3700cc49-55b5-69ea-4929-a2925c0f334d', '2022-09-11 04:33:36', 96000000.0000, 12, 1, 2022, 1, 'Diệp Nại Hiếu', '2022-09-03 03:25:49', 'Vũ Mộc Hiếu', '2022-09-04 18:30:54', '2022-09-03 00:07:06', 6400000.0000),
('762cf9e5-356b-56d7-5f80-7ed9d1ea06ea', 'TS190', 'Iphone McLaren P1 LM', '469b3ece-744a-45d5-957d-e8c757976496', '25c6c36e-1668-7d10-6e09-bf1378b8dc91', '2022-09-11 01:42:30', 66000000.0000, 40, 1, 2022, 1, 'Hoàng Thu Ngọc', '2022-09-04 02:27:26', 'Trương Hà Mạnh', '2022-09-04 20:42:17', '2022-09-07 12:40:30', 8500000.0000),
('7649b7c1-509e-4f94-6580-7ed9d1ea06ea', 'TS097', 'Samsung Huayra BC', '4e272fc4-7875-78d6-7d32-6a1673ffca7c', '148ed882-32b8-218e-9c20-39c2f00615e8', '2022-09-11 09:48:47', 30000000.0000, 3, 1, 2022, 1, 'Diệp Võ Hiếu', '2022-09-08 01:08:53', 'Hoàng Diệp Mạnh', '2022-09-05 02:48:12', '2022-09-04 06:29:43', 7300000.0000),
('76b3b772-27f3-37bf-75f6-423b4e874d0f', 'TS271', 'Harley-Davidson Koenigsegg Jesko', '142cb08f-7c31-21fa-8e90-67245e8b283e', '25c6c36e-1668-7d10-6e09-bf1378b8dc91', '2022-09-11 01:08:28', 54000000.0000, 23, 1, 2022, 1, 'Phan Hàn Minh', '2022-09-04 23:08:06', 'Vũ Võ Tuấn', '2022-09-05 17:31:31', '2022-09-03 00:00:02', 2800000.0000),
('76cc3313-3932-7e97-4635-0028ed526dd0', 'TS191', 'Laptop Koenigsegg Jesko', '469b3ece-744a-45d5-957d-e8c757976496', '25c6c36e-1668-7d10-6e09-bf1378b8dc91', '2022-09-11 15:55:44', 77000000.0000, 36, 1, 2022, 1, 'Trân Mộc Mạnh', '2022-09-04 22:05:15', 'Ngô Võ Hương', '2022-09-05 12:47:05', '2022-09-03 00:00:07', 1900000.0000),
('778c67bd-6967-345e-2e77-d9ebc53aac3d', 'TS196', 'Audi Divo', '469b3ece-744a-45d5-957d-e8c757976496', '3700cc49-55b5-69ea-4929-a2925c0f334d', '2022-09-11 10:17:31', 40000000.0000, 12, 1, 2022, 1, 'Đặng Mộc Hiếu', '2022-09-03 16:52:38', 'ĐÕ Tiếu Trường', '2022-09-03 13:56:26', '2022-09-07 12:42:02', 6200000.0000),
('77d03350-6ba4-226c-77f6-423b4e874d0f', 'TS116', 'Ducati Divo', '4e272fc4-7875-78d6-7d32-6a1673ffca7c', '1b691e79-236d-5b5a-9d20-39c2f00615e8', '2022-09-11 00:14:20', 57000000.0000, 29, 1, 2022, 1, 'Dương Văn Thanh', '2022-09-05 08:34:52', 'Trương Hà Hoàng', '2022-09-06 14:24:28', '2022-09-06 18:08:21', 3500000.0000),
('78b1d514-338c-3cdc-8641-c1ec321fe728', 'TS179', 'Laptop Mansory Vivere', '469b3ece-744a-45d5-957d-e8c757976496', '25c6c36e-1668-7d10-6e09-bf1378b8dc91', '2022-09-11 00:00:08', 45000000.0000, 8, 1, 2022, 1, 'Võ Toàn Ngọc', '2022-09-05 14:13:15', 'Ngô Võ Tuấn', '2022-09-03 00:01:23', '2022-09-08 18:34:02', 9200000.0000),
('7976650d-4e86-2615-8c41-c1ec321fe728', 'TS005', 'MV Agusta Martin Valkyrie', '17120d02-6ab5-3e43-18cb-66948daf6128', '3b86d2ed-446c-5fce-56be-406293204378', '2022-09-11 04:23:30', 51000000.0000, 4, 1, 2022, 1, 'Vũ Hàn Thanh', '2022-09-03 00:01:30', 'Trương Nại Ngọc', '2022-09-07 03:10:41', '2022-09-07 19:40:48', 8900000.0000),
('79806d6f-4830-6311-2577-d9ebc53aac3d', 'TS059', 'Suzuki McLaren P1 LM', '17120d02-6ab5-3e43-18cb-66948daf6128', '354f1b13-17bf-1b52-87d5-ba100c6f7bce', '2022-09-11 00:14:14', 52000000.0000, 23, 1, 2022, 1, 'Lê Tiếu Minh', '2022-09-08 14:03:34', 'Đinh Nhu Hương', '2022-09-06 10:34:02', '2022-09-03 00:00:19', 2100000.0000),
('79dadd0d-69fa-5e30-35c2-579daad24557', 'TS282', 'Yamaha Veneno Roadster', '469b3ece-744a-45d5-957d-e8c757976496', '1b691e79-236d-5b5a-9d20-39c2f00615e8', '2022-09-11 17:34:38', 65000000.0000, 46, 1, 2022, 1, 'Huỳnh Tranh Thành', '2022-09-04 06:11:31', 'Vũ Nhu Mạnh', '2022-09-03 08:47:19', '2022-09-05 20:48:49', NULL),
('7a1114ad-76c4-3734-1f77-d9ebc53aac3d', 'TS170', 'Lamborghini Rolls Royce Sweptail', '469b3ece-744a-45d5-957d-e8c757976496', '3700cc49-55b5-69ea-4929-a2925c0f334d', '2022-09-11 23:34:11', 20000000.0000, 42, 1, 2022, 1, 'Phan Tô Bằng', '2022-09-06 11:44:16', 'Lý Nhất Tuấn', '2022-09-03 00:01:01', '2022-09-03 00:05:53', 4500000.0000),
('7a301ea4-331e-73f6-1a77-d9ebc53aac3d', 'TS138', 'Bentley Chiron Super Sport', '142cb08f-7c31-21fa-8e90-67245e8b283e', '354f1b13-17bf-1b52-87d5-ba100c6f7bce', '2022-09-11 16:55:31', 44000000.0000, 17, 1, 2022, 1, 'Dương Chi Tuấn', '2022-09-05 04:54:57', 'Dương Yên Mạnh', '2022-09-05 15:41:45', '2022-09-03 05:58:09', 3600000.0000),
('7a3fbd10-76db-716b-48c2-579daad24557', 'TS147', 'MV Agusta Sian', '4e272fc4-7875-78d6-7d32-6a1673ffca7c', '148ed882-32b8-218e-9c20-39c2f00615e8', '2022-09-11 00:16:17', 99000000.0000, 20, 1, 2022, 1, 'Đặng Hà Thuận', '2022-09-05 15:12:01', 'Trương Tiếu Hoàng', '2022-09-04 04:20:16', '2022-09-08 20:10:30', 1100000.0000),
('7ad34860-1ac8-7ad7-d01d-086412a8ea97', 'TS125', 'Yamaha ', '469b3ece-744a-45d5-957d-e8c757976496', '25c6c36e-1668-7d10-6e09-bf1378b8dc91', '2022-09-11 00:00:12', 26000000.0000, 45, 1, 2022, 1, 'Phạm Hà Thanh', '2022-09-05 16:59:06', 'Lê Hà Hiếu', '2022-09-06 00:33:07', '2022-09-04 11:42:01', 7700000.0000),
('7b666cc3-1b67-6037-67f6-423b4e874d0f', 'TS198', 'Lexus AMG One', '17120d02-6ab5-3e43-18cb-66948daf6128', '1b691e79-236d-5b5a-9d20-39c2f00615e8', '2022-09-11 03:02:22', 38000000.0000, 16, 1, 2022, 1, 'Diệp Thu Tuấn', '2022-09-07 22:17:47', 'Ngô Song Mạnh', '2022-09-05 22:15:43', '2022-09-05 01:56:25', 6000000.0000),
('7bd9cf39-3f55-3a7b-0035-60b3ebf808a9', 'TS119', 'Suzuki Veneno Roadster', '17120d02-6ab5-3e43-18cb-66948daf6128', '3700cc49-55b5-69ea-4929-a2925c0f334d', '2022-09-11 00:00:07', 20000000.0000, 19, 1, 2022, 1, 'Nguyễn Toàn Cường', '2022-09-05 02:25:01', 'Dương Nại Bằng', '2022-09-03 03:51:28', '2022-09-05 07:30:59', 5200000.0000),
('7c1ae6ac-6c72-7436-2dc2-579daad24557', 'TS232', 'Laptop F60 Mỹ', '142cb08f-7c31-21fa-8e90-67245e8b283e', '25c6c36e-1668-7d10-6e09-bf1378b8dc91', '2022-09-11 23:58:50', 41000000.0000, 3, 1, 2022, 1, 'Trân Thu Minh', '2022-09-03 00:00:02', 'Bùi Tranh Minh', '2022-09-06 12:17:54', '2022-09-03 00:30:52', NULL),
('7c86746a-4284-356e-e11d-086412a8ea97', 'TS001', 'Yamaha Martin Vulcan', '17120d02-6ab5-3e43-18cb-66948daf6128', '3700cc49-55b5-69ea-4929-a2925c0f334d', '2022-09-11 01:18:20', 37000000.0000, 36, 1, 2022, 1, 'Dương Chi Mạnh', '2022-09-03 02:11:39', 'Bùi Hà Thái', '2022-09-03 00:00:07', '2022-09-07 00:25:47', 7700000.0000),
('7d7c8cbb-3c1b-7e12-6680-7ed9d1ea06ea', 'TS234', 'Samsung F60 Mỹ', '469b3ece-744a-45d5-957d-e8c757976496', '1b691e79-236d-5b5a-9d20-39c2f00615e8', '2022-09-11 20:53:26', 78000000.0000, 7, 1, 2022, 1, 'Bùi Toàn Bằng', '2022-09-08 04:05:22', 'Dương Hà Cường', '2022-09-06 11:16:56', '2022-09-03 00:01:07', 6400000.0000),
('7d817578-2d6f-7bd4-9841-c1ec321fe728', 'TS202', 'Harley-Davidson Huayra Imola', '4e272fc4-7875-78d6-7d32-6a1673ffca7c', '354f1b13-17bf-1b52-87d5-ba100c6f7bce', '2022-09-11 03:01:52', 38000000.0000, 1, 1, 2022, 1, 'Trân Hàn Hiếu', '2022-09-03 19:55:18', 'Phạm Võ Cường', '2022-09-08 15:21:21', '2022-09-06 01:54:45', 1400000.0000),
('7e61a689-2cd8-340e-2677-d9ebc53aac3d', 'TS047', 'GPX Racing McLaren P1', '469b3ece-744a-45d5-957d-e8c757976496', '1b691e79-236d-5b5a-9d20-39c2f00615e8', '2022-09-11 09:28:26', 98000000.0000, 43, 1, 2022, 1, 'Vũ Nại Bằng', '2022-09-05 19:45:31', 'Hoàng Văn Thuận', '2022-09-03 00:33:00', '2022-09-03 00:00:03', 7500000.0000),
('7f1b6c7c-2b74-3ebb-31c2-579daad24557', 'TS112', 'Suzuki Zenvo TS1 GT', '142cb08f-7c31-21fa-8e90-67245e8b283e', '25c6c36e-1668-7d10-6e09-bf1378b8dc91', '2022-09-11 00:50:37', 13000000.0000, 1, 1, 2022, 1, 'Lê Nại Trường', '2022-09-04 16:57:48', 'Trịnh Toàn Minh', '2022-09-03 00:16:29', '2022-09-06 16:30:32', 8900000.0000);

-- 
-- Restore previous SQL mode
-- 
/*!40101 SET SQL_MODE=@OLD_SQL_MODE */;

-- 
-- Enable foreign keys
-- 
/*!40014 SET FOREIGN_KEY_CHECKS = @OLD_FOREIGN_KEY_CHECKS */;